,genre,file,audio,sr,zero_crossing_rate_mean,zero_crossing_rate_var,spectral_centroid_mean,spectral_centroid_var,rms_mean,rms_var,spectral_rolloff_mean,spectral_rolloff_var,mfcc01_mean,mfcc01_var,mfcc02_mean,mfcc02_var,mfcc03_mean,mfcc03_var,mfcc04_mean,mfcc04_var,mfcc05_mean,mfcc05_var,mfcc06_mean,mfcc06_var,mfcc07_mean,mfcc07_var,mfcc08_mean,mfcc08_var,mfcc09_mean,mfcc09_var,mfcc10_mean,mfcc10_var,mfcc11_mean,mfcc11_var,mfcc12_mean,mfcc12_var,mfcc13_mean,mfcc13_var,mfcc14_mean,mfcc14_var,mfcc15_mean,mfcc15_var,mfcc16_mean,mfcc16_var,mfcc17_mean,mfcc17_var,mfcc18_mean,mfcc18_var,mfcc19_mean,mfcc19_var,mfcc20_mean,mfcc20_var,chroma01_mean,chroma01_var,chroma02_mean,chroma02_var,chroma03_mean,chroma03_var,chroma04_mean,chroma04_var,chroma05_mean,chroma05_var,chroma06_mean,chroma06_var,chroma07_mean,chroma07_var,chroma08_mean,chroma08_var,chroma09_mean,chroma09_var,chroma10_mean,chroma10_var,chroma11_mean,chroma11_var,chroma12_mean,chroma12_var,tempo
0,jazz,jazz.00007.wav,"[-0.02368164 -0.0335083  -0.02297974 ... -0.09701538 -0.05914307
 -0.01776123]",22050,0.06491582437474279,0.016395094043811297,1175.2186086411352,25381.964957363165,0.09328737184405327,0.0005175643807585667,1967.1077974759614,111690.31647132135,-291.9705,2538.1265,137.69984,910.2533,2.6473362,588.4848,35.658165,147.44246,-12.313128,120.36761,15.60498,84.97864,-6.7887726,93.78824,-2.8450751,64.141266,-3.7737763,63.194717,-3.4614394,130.07785,-1.7078484,176.64516,10.411185,254.7532,8.302555,197.42505,5.2136855,279.05798,0.32289362,426.2803,0.3902466,393.0057,-1.4703429,188.02852,-0.76864266,215.57584,-6.323998,230.8408,-5.503818,210.65468,0.24007027,0.11246013,0.2583588,0.13241473,0.16547202,0.040850814,0.2599981,0.1393096,0.17288485,0.049429774,0.2794747,0.15465744,0.10990049,0.03415791,0.114212416,0.050465446,0.11190101,0.05247373,0.15232153,0.04598314,0.33516994,0.17162219,0.166403,0.05514503,99.38401442307692
1,jazz,jazz.00005.wav,"[ 0.06652832  0.16467285  0.2319336  ...  0.00335693 -0.00650024
 -0.00723267]",22050,0.05798035559723658,0.014359381999712829,1275.5445498672975,132877.80646688826,0.10693189427256584,0.00041399928273675953,2504.7007774939902,1019295.217960523,-246.27443,9177.293,120.21053,770.6019,-0.9766388,892.13684,30.696602,202.24495,0.17293616,297.50006,23.16143,104.98728,0.4313876,168.78827,9.16699,81.32581,-0.56214124,153.33934,5.726498,185.6553,-3.753218,131.8637,4.230339,184.60376,-0.28523368,207.58774,7.447655,221.78311,0.70549464,261.08347,7.0812564,229.17854,0.88288313,405.9287,0.974251,332.78207,1.7270819,193.0366,-1.3540722,212.84537,0.30302775,0.11944905,0.16451626,0.05502304,0.1663174,0.05697193,0.25752336,0.10460903,0.18290365,0.060143106,0.22493047,0.1165924,0.1724937,0.04994435,0.22814906,0.07566712,0.40398523,0.15796676,0.28505912,0.077837914,0.293305,0.12250471,0.29645246,0.102408804,107.666015625
2,jazz,jazz.00003.wav,"[ 0.0295105   0.04818726  0.04190063 ... -0.02545166 -0.02603149
 -0.02374268]",22050,0.04469376719021111,0.010487608758032183,817.0256064389738,70047.37302974542,0.05911639854311943,0.000782204577313078,1420.3714881310098,244747.45041479345,-297.30292,9862.571,193.07446,874.2939,10.171171,1128.7507,-1.5964475,255.03947,3.3883607,146.04523,9.993822,103.379074,-7.2564507,144.48573,4.6935673,78.34202,-5.391065,88.36285,-2.8595288,89.927795,-10.230401,51.05127,0.3792567,100.86946,-4.969516,72.670906,3.238547,51.639397,-4.474768,41.184803,-1.8852346,47.354237,-2.2755752,54.609673,3.8763874,38.860344,0.34211782,50.061325,-2.2191534,56.314613,0.22569442,0.031528268,0.32342395,0.07384662,0.49257568,0.14777613,0.23903397,0.02889305,0.27265263,0.072644666,0.35292754,0.08596697,0.441164,0.09996941,0.21440458,0.024396017,0.28309312,0.08916633,0.22319578,0.03082993,0.3697766,0.08736847,0.3945492,0.10669987,123.046875
3,jazz,jazz.00006.wav,[0.08334351 0.14605713 0.14706421 ... 0.0085144  0.00469971 0.00369263],22050,0.048092062349554196,0.013441652707834921,1223.0313424393487,86273.94106884557,0.09803915545344352,0.0001750753228350948,2420.944899338943,304518.2119746759,-234.40953,6415.026,142.74026,1387.4264,-14.2967205,607.0132,51.963947,373.03094,-8.197965,197.15912,12.785138,126.31607,-4.2762494,198.17232,12.085669,119.06033,-13.715138,105.45395,-1.5637431,67.01263,-3.9804888,103.51009,4.9272647,65.871704,-3.9477925,55.26177,2.1964936,56.38338,-6.67365,57.24716,-9.764631,56.463608,-4.477752,59.224556,-5.545833,105.16491,-1.1712632,149.53975,-1.0995276,132.90285,0.22259255,0.05713212,0.19598766,0.038229294,0.29486653,0.10260802,0.34999147,0.11783769,0.24935727,0.060769573,0.3461802,0.10561829,0.37177765,0.14057948,0.20975909,0.056038693,0.20922892,0.07624644,0.21515237,0.06781842,0.31059855,0.10751567,0.3222084,0.12951396,135.99917763157896
4,jazz,jazz.00008.wav,[0.05685425 0.07565308 0.0402832  ... 0.03833008 0.03411865 0.02548218],22050,0.04632841540843849,0.014309105799248868,1306.914284710259,25038.420549245213,0.11784731820225716,0.0002470202654867531,2729.4742901141826,80644.44870104485,-189.98236,3074.2551,134.4189,522.35016,-25.65002,762.36163,45.729492,122.59599,8.180399,156.83209,21.443512,99.630394,-4.585944,124.9233,14.390953,133.16905,-12.663227,87.06746,10.280889,76.35994,-7.942295,69.49792,-1.1352844,57.14506,-5.053429,49.805557,2.414169,49.31858,-5.01387,39.26145,-2.1558046,45.15364,-4.238101,62.642567,1.8452005,68.11992,-0.4446255,75.25723,-4.774384,64.65537,0.3864317,0.117432855,0.36357105,0.0901703,0.35364708,0.099424906,0.36936146,0.12770185,0.30178288,0.06281012,0.35073793,0.1080081,0.33848426,0.08035159,0.37530917,0.09105853,0.3022559,0.059919395,0.31865048,0.06774778,0.45982927,0.1162155,0.36774823,0.07124978,107.666015625
5,jazz,jazz.00009.wav,"[ 0.08502197  0.14257812  0.15310669 ... -0.01849365 -0.02334595
 -0.02868652]",22050,0.03173348977693409,0.0068289577328187814,759.2717539696635,13840.926680356686,0.08484212569892406,0.00019375280669570185,1153.641357421875,57638.66681043389,-296.7094,1304.4323,172.36177,402.67886,16.870981,241.6577,18.944475,103.822,1.371419,97.86014,14.397394,86.21166,1.0102302,90.62645,9.526041,62.90338,-7.4072003,73.08347,3.5161068,48.968067,-7.660177,56.542904,-0.1054814,58.614586,-7.948271,99.61025,-3.1879528,103.51708,-8.082698,78.55015,-4.0588837,91.019966,-0.8463893,88.98673,-3.867245,65.59715,-2.8241124,87.68125,-6.922983,63.05075,0.20210567,0.03466077,0.3675419,0.13967468,0.26148352,0.077058144,0.19757304,0.058968488,0.24138965,0.09885125,0.2031106,0.038054135,0.32710823,0.13768724,0.27825257,0.08749958,0.34814954,0.108265355,0.25812006,0.076496415,0.25895694,0.0891107,0.25924012,0.09624111,112.34714673913044
6,jazz,jazz.00000.wav,"[-0.00924683 -0.01177979 -0.01370239 ...  0.0071106   0.00561523
  0.00561523]",22050,0.07851554603772386,0.030499703912651683,1504.7701711629757,227665.40938916936,0.04650749694555998,0.0007249109215026397,2800.8568584735576,1072616.9619559199,-252.09982,12157.225,137.90314,1465.4673,-11.12893,731.8261,8.363254,119.988,0.7312536,117.53523,1.5888377,53.209347,-3.731885,56.28346,-4.1349125,38.266983,-5.4992824,43.680332,-2.6316204,37.64398,-3.5324266,43.067966,-3.143262,59.09873,-1.8463441,43.779278,-0.9992475,41.175587,-2.57927,48.968216,-1.9601097,50.278206,-1.5086894,41.0908,0.21448858,55.625286,-1.995491,50.00376,-3.354487,49.878914,0.44139007,0.11915021,0.30552757,0.056785885,0.32529682,0.07748662,0.40065512,0.08574077,0.45663974,0.10686661,0.33318195,0.09982008,0.21843949,0.038879707,0.36186188,0.07947071,0.3874543,0.096965484,0.32182175,0.06768231,0.2842525,0.073057674,0.2969727,0.06637896,123.046875
7,jazz,jazz.00001.wav,[0.00241089 0.00549316 0.00866699 ... 0.00201416 0.00250244 0.00119019],22050,0.05939301340376886,0.021632489402941556,1268.9397066409113,102922.96497559766,0.022661456558853387,0.00015331796716894807,2415.9591346153843,591403.50850831,-345.75772,10113.176,146.97388,1288.6447,-0.50894165,521.94574,22.634275,134.67113,5.8155456,96.691154,10.363343,55.179626,-0.15792406,53.92851,-1.7160186,57.05857,-6.119844,46.94815,-0.522886,48.356503,1.0385453,52.09065,1.2205255,46.223934,-1.9355482,64.48041,-5.546963,62.344246,-4.404171,53.580097,-2.5870383,44.141426,-5.189254,43.2566,-5.428416,45.679005,-3.1186113,52.634308,-0.798572,98.26105,0.3541681,0.098806165,0.32344395,0.08273562,0.32724616,0.07555396,0.29787716,0.07267804,0.36571163,0.062282685,0.5555827,0.147674,0.37338063,0.07164822,0.2771448,0.075400986,0.23290308,0.04782262,0.25720868,0.06827964,0.23892243,0.052508608,0.33280793,0.101830855,135.99917763157896
8,jazz,jazz.00004.wav,[0.12203979 0.22442627 0.19665527 ... 0.0116272  0.03677368 0.05535889],22050,0.04781248368828998,0.017395582078099884,1044.4134146256124,48000.49801443256,0.10808331742882729,0.0009991190474789476,1847.358342097356,295832.2903412267,-270.31265,2917.0598,137.58981,546.8804,5.64002,345.07834,42.490513,220.5096,-7.95947,175.91788,9.938035,103.67771,-6.8108325,81.89665,8.250217,55.442184,-6.1824946,50.990444,5.4758544,52.852962,-5.4403186,56.807774,-5.177866,82.32533,-6.9937267,77.46609,-3.2327619,78.75151,-2.0183141,98.77453,4.39564,162.92766,1.9801577,181.2388,4.9817076,162.34177,6.5850415,393.37378,-2.4146407,473.1703,0.08935627,0.018923752,0.07805214,0.016981639,0.1830177,0.073676,0.27261367,0.15394558,0.13272262,0.042340253,0.100789316,0.022607176,0.29440418,0.16252607,0.19620019,0.078912966,0.1353558,0.053869825,0.21231632,0.13272788,0.15576074,0.043671254,0.21216895,0.13828354,95.703125
9,jazz,jazz.00002.wav,[0.00335693 0.00491333 0.00378418 ... 0.05691528 0.05136108 0.03808594],22050,0.05793793030221226,0.020385157249548435,1069.480332457027,72581.83592185318,0.08038737885653972,0.0004776898783115713,1902.019550030048,220573.74027731895,-256.9818,6372.4526,175.33954,1215.997,-44.81545,1082.3687,25.638649,404.80746,-4.25749,234.83124,-0.22635283,112.45631,-11.3197775,94.202034,-9.186364,73.752556,-4.102288,86.01316,-8.3070135,106.35198,-22.554071,99.03966,-7.60941,71.08261,-7.656197,57.58762,-11.744767,80.39366,-8.174172,70.17964,-7.5016193,39.93092,-12.296843,54.68225,-6.7680964,45.68299,-3.500232,41.43342,-8.648592,73.394966,0.39909402,0.14255388,0.32700226,0.09940679,0.22919041,0.07030794,0.18744588,0.07548941,0.1293044,0.016082397,0.2398969,0.05496534,0.20703113,0.057989497,0.18869376,0.04730485,0.24313666,0.07149465,0.3116547,0.058625385,0.44209412,0.14593188,0.30847466,0.07408424,107.666015625
10,hiphop,hiphop.00006.wav,[0.81396484 0.7850647  0.74087524 ... 0.95947266 0.87509155 0.6248779 ],22050,0.12834853707550747,0.018735712301202644,2852.900997145306,36343.087805909505,0.26893170177936554,0.0006958346290627747,6040.858548677885,100015.5761347241,-59.565926,6875.63,63.92967,1022.021,3.4871747,754.5967,45.23575,432.80676,-1.1528618,391.8273,28.24374,225.10146,-13.170861,211.75526,23.591469,155.13823,-6.623231,148.09875,16.47062,118.80795,-7.2728996,102.87433,14.477062,108.33264,-5.800775,97.770836,8.173893,67.94765,-6.858704,70.307,6.7351766,49.281208,-4.4826007,64.75156,0.95316166,53.57339,-7.1244917,68.96227,-1.2569647,45.489243,0.42536494,0.08277832,0.39988568,0.08375689,0.4121594,0.071721725,0.48367327,0.08769847,0.52826214,0.09870515,0.42201662,0.07736899,0.38719505,0.068627864,0.42968538,0.07341942,0.49120003,0.08904805,0.56754947,0.12527403,0.5249425,0.08459076,0.49936062,0.08826691,99.38401442307692
11,hiphop,hiphop.00002.wav,"[-0.03308105 -0.04275513 -0.04620361 ...  0.11807251  0.11425781
  0.11431885]",22050,0.058800781684624145,0.0111798855296975,1489.8518826135764,20175.272797635134,0.09294380769133567,6.694344121901452e-05,3090.4287484975957,69177.90420908196,-202.88803,4657.727,132.37215,1036.348,12.0172825,805.33105,43.746815,317.3614,-10.215273,344.28973,17.121582,208.75688,-13.547271,178.8781,15.044368,127.90409,-16.248148,137.12375,9.423361,112.94322,-11.636703,132.07475,7.0480886,78.88022,-4.321259,99.260216,0.8238828,91.07235,-5.606884,69.5348,1.2609922,54.927574,-6.9671044,61.715103,0.39286566,41.187515,-2.425388,41.67059,-2.932968,38.800964,0.3922504,0.07642772,0.4013044,0.08570204,0.4163287,0.09349539,0.37566844,0.09567923,0.343718,0.08057702,0.37097108,0.082455635,0.30665493,0.07453125,0.28789717,0.065701865,0.36184505,0.06450386,0.46989202,0.08590892,0.6071159,0.12242476,0.51729506,0.09036216,99.38401442307692
12,hiphop,hiphop.00009.wav,"[ 0.01254272  0.00994873 -0.00552368 ... -0.5603943  -0.35263062
 -0.0322876 ]",22050,0.09845787076839503,0.054880260771929645,2202.4568525529985,296670.8800880063,0.21437681913375856,0.0038587859904869143,4796.587252103365,584604.1206733139,-94.94585,5016.401,94.2148,1622.3636,-2.5425854,660.18304,49.543236,290.77194,-6.608906,229.05948,33.220383,169.22412,-7.631567,189.75616,20.948034,95.26172,-8.87092,115.305336,16.786116,98.70073,-5.25827,101.38949,10.763062,71.09332,-3.474365,58.390118,7.295585,58.120144,-3.452371,60.670937,3.8399713,58.55381,-3.2529206,39.51478,1.792343,54.400642,0.0765459,70.78916,3.9815254,100.02928,0.6223044,0.07675695,0.5301131,0.059904,0.5406935,0.06921548,0.59571886,0.08229912,0.6398888,0.07908232,0.6359422,0.06641145,0.56028366,0.057337064,0.48081514,0.06698571,0.44367272,0.062244482,0.46527228,0.066077866,0.55953497,0.06539239,0.65282315,0.09788168,103.359375
13,hiphop,hiphop.00003.wav,"[-0.18231201 -0.18560791 -0.16290283 ... -0.10397339 -0.02603149
  0.0085144 ]",22050,0.10367567190333118,0.02088374415056781,2488.8543955564974,14639.913894957941,0.26486374288797376,0.00010157685823541706,5119.527324969953,50188.71177695527,-40.30154,4952.7886,80.84724,750.1453,-25.67689,1259.1753,38.443054,291.84283,-11.0728245,278.70926,24.89941,309.9651,-7.373214,270.6034,26.759275,187.6433,-5.30603,174.1464,16.782677,108.06337,-3.5075712,89.51739,8.458928,75.21647,-5.6017284,71.8068,12.050404,68.21594,-1.8917375,73.52408,10.464018,102.3559,0.64275295,60.655613,0.2624519,62.015556,-5.0987406,57.279457,-4.019602,57.16173,0.5714957,0.098654576,0.5505547,0.08864443,0.58162844,0.09475317,0.5056281,0.079492524,0.38393173,0.06894775,0.34286755,0.06916885,0.33554924,0.061399136,0.33405113,0.06585535,0.33598712,0.057218157,0.49890006,0.09520046,0.5551941,0.08137338,0.6111458,0.10481898,92.28515625
14,hiphop,hiphop.00007.wav,"[ 0.22296143  0.18984985  0.12454224 ... -0.17947388 -0.1824646
 -0.21261597]",22050,0.07875083281591903,0.0075836242327544335,2045.95645700569,16994.794381035896,0.26244262605905533,0.00014803213903548108,4549.4606182391835,121951.45539429392,-58.496304,3683.1013,103.04962,634.43646,-7.211679,727.53754,44.861687,418.69492,-8.600805,286.60406,12.351103,180.54948,-13.741838,207.06229,19.971472,127.030235,-13.119663,153.67853,17.136522,95.90556,-3.9439182,106.01161,15.57406,85.934944,-0.4531827,70.8605,6.926793,48.16214,-6.032184,52.3193,5.6364055,50.472767,-3.1755676,67.41338,1.8142024,38.4585,-2.5621526,31.2274,0.1135325,42.271637,0.38821188,0.078450695,0.3767389,0.07082684,0.42931482,0.101710774,0.5307582,0.09297962,0.62335074,0.10117438,0.37439674,0.0631231,0.3315267,0.06289802,0.3520699,0.0652365,0.41296372,0.07772712,0.48875007,0.1011361,0.44899806,0.086527236,0.43483225,0.08601311,123.046875
15,hiphop,hiphop.00000.wav,"[-0.16915894 -0.021698    0.01956177 ...  0.07662964  0.03872681
 -0.02105713]",22050,0.14758043782995087,0.014000824982008133,2667.1223853090046,31803.30695824852,0.12446480095386506,0.0001998525235520665,5479.289175180289,209529.59760288513,-80.93423,4878.192,84.780525,750.62506,-31.534628,548.8253,33.90174,407.25797,-19.836761,158.76445,23.553934,135.67868,-22.136858,93.60941,20.0265,96.7991,-16.764809,93.49321,19.219479,55.834457,-13.098828,75.08732,11.502167,52.459213,-10.718428,74.168274,10.579796,72.08784,-8.420744,64.90663,7.3195724,55.411167,-5.372349,69.4579,7.692515,62.213745,-5.5499215,63.389996,1.5127794,41.12073,0.3754905,0.067815065,0.35759544,0.0573809,0.47837624,0.09573916,0.45156023,0.06783158,0.61405116,0.10016784,0.4705206,0.095908396,0.4557136,0.086573616,0.46837425,0.08338403,0.46523315,0.06938314,0.5391836,0.105503954,0.4175224,0.07155809,0.43590006,0.07042344,117.45383522727273
16,hiphop,hiphop.00004.wav,"[ 0.28173828  0.29385376  0.29632568 ... -0.23587036 -0.24591064
 -0.29406738]",22050,0.09999177315277843,0.021594558766617686,2369.356685810381,60254.705459086006,0.1991994246840477,0.0007978041150063152,5058.638052133413,183247.95936885284,-140.16278,12399.764,71.62643,1066.552,-3.788743,1506.216,38.988525,458.57278,4.189599,416.59183,31.528362,306.67758,-3.9393039,278.82562,19.742453,155.56174,-3.7496216,186.60097,16.006994,189.94212,-3.1765268,112.0335,11.83397,90.15263,-1.247125,110.40424,5.767767,112.04257,1.29167,79.74876,1.6718788,71.9255,-0.83026874,60.756214,1.6229786,65.3077,-4.0859265,59.22303,1.1263292,81.73277,0.40285307,0.06650944,0.37710983,0.07184985,0.47044718,0.11447864,0.4102829,0.08022808,0.47132,0.09140541,0.4553741,0.09678203,0.39368522,0.07410398,0.46964008,0.09976848,0.528683,0.12671661,0.52190363,0.11396786,0.45731765,0.08542613,0.43349352,0.07563892,95.703125
17,hiphop,hiphop.00005.wav,"[-0.40853882 -0.3512268  -0.30819702 ... -0.24368286 -0.12841797
 -0.09579468]",22050,0.12480950875040855,0.005529736728952777,2707.884889085876,6367.830011109728,0.2601533874869347,0.00017979426853278693,5795.338623046875,17419.761525247588,-11.706974,1349.4054,81.97666,385.41324,-8.50863,238.55417,52.77378,232.21765,-14.69211,153.85742,31.962574,105.865746,-19.680723,115.280396,22.857765,88.28687,-14.704155,61.610947,14.509826,81.16675,-10.078541,76.66608,14.002207,66.491936,-8.07207,52.026054,7.4281483,43.40441,-5.495323,39.339165,12.837337,43.341072,-3.6954393,41.852432,6.2187123,45.05084,-2.5849419,38.22114,0.10216538,41.195457,0.43487057,0.07422205,0.4696845,0.076456495,0.48310342,0.08566381,0.4797589,0.08641737,0.48781922,0.07219596,0.5239951,0.08515277,0.5371998,0.079080276,0.54139096,0.08901484,0.5058325,0.079037555,0.5443018,0.089074016,0.45666575,0.074086085,0.4243017,0.068141215,143.5546875
18,hiphop,hiphop.00008.wav,"[ 0.00064087 -0.00097656  0.00247192 ... -0.01867676  0.02722168
 -0.03652954]",22050,0.17741761535014428,0.044628341693433604,3070.57849727446,125981.00489306351,0.14093777686357498,0.0018559193874511085,5757.920541616585,156999.8859266914,-111.1565,6996.414,55.170074,1338.6517,-18.427658,1237.7946,47.191257,654.37335,-24.79131,556.8833,22.537811,333.20453,-21.141804,336.73007,12.539442,176.13159,-15.8703985,158.86853,16.290924,113.05187,-12.5663395,112.118355,9.6244955,89.24587,-12.129928,83.77957,4.8603306,97.857445,-2.2085428,85.05463,6.8882775,105.34991,0.4771722,154.50282,12.992372,135.69098,5.9447727,141.39914,5.4409504,146.72081,0.39989927,0.071475714,0.35146877,0.059220318,0.32045197,0.052229594,0.3790233,0.07969211,0.4239903,0.09396344,0.43623376,0.08221069,0.48413977,0.07886919,0.5075426,0.072776094,0.5721115,0.09087908,0.5597266,0.11565732,0.51112974,0.09666906,0.4976234,0.09054259,172.265625
19,hiphop,hiphop.00001.wav,"[ 0.0480957  -0.20150757 -0.25741577 ... -0.01766968 -0.0352478
 -0.00881958]",22050,0.0979116627271884,0.007647302856420893,2806.6580874756905,8377.030416628706,0.2836707055568695,0.00020929254610248198,5523.573035606971,45406.9697220865,-81.23491,3658.2817,49.593636,915.0323,-14.54748,990.12823,57.964966,324.13083,6.819769,387.1742,27.149471,254.51474,-6.858138,183.71547,31.304558,147.1069,-10.085702,138.88669,20.306627,88.90108,-2.5411096,112.80903,12.749884,78.37954,3.9834008,103.24205,13.237081,74.76745,-2.3675616,75.466644,12.267019,66.529144,-7.0323944,67.63063,4.7449803,58.362503,1.869817,57.140873,0.028270701,67.587,0.49321443,0.054093417,0.5511518,0.041234516,0.7130407,0.057901412,0.8043496,0.07273566,0.625223,0.04209195,0.41586065,0.05079833,0.29882807,0.054795567,0.24181683,0.06052448,0.26997647,0.077442005,0.33026215,0.086332396,0.34773886,0.06997524,0.39502698,0.048443865,92.28515625
20,pop,pop.00009.wav,"[-0.05612183 -0.02548218  0.00076294 ... -0.27697754 -0.26974487
 -0.34283447]",22050,0.17300880633751553,0.013531240375596984,3277.9064505808856,54770.53279543209,0.15875699371099472,0.0013155692144598884,6948.847468449519,200332.69523787775,-35.28506,2822.761,61.266712,351.4136,14.046019,433.41315,28.64897,256.60583,4.3239775,157.68903,-1.36498,142.99411,-0.78445435,72.281715,5.128748,60.496178,5.3517685,58.95189,1.2258381,63.620926,-7.2616506,71.86964,-0.5204303,42.340523,0.21532698,47.334606,-1.293997,38.970097,-0.107450105,42.750694,-1.2567121,43.4957,-2.5306878,49.597446,0.57411724,59.89135,1.5747035,62.375114,-1.7188455,60.837036,0.41164145,0.06021582,0.54124093,0.09760531,0.41286615,0.059779003,0.43760455,0.071244046,0.4245629,0.08044049,0.37697157,0.048660327,0.52365524,0.09532813,0.40977404,0.06116093,0.4324963,0.07652295,0.46730253,0.08243219,0.5129991,0.07740595,0.50478256,0.09159647,107.666015625
21,pop,pop.00005.wav,[0.04498291 0.04544067 0.0451355  ... 0.3659973  0.41201782 0.4533081 ],22050,0.10689423832537522,0.02783302772920534,2289.6155733857663,115897.94473003334,0.13878402672708035,0.004614357373919594,4741.661020132213,526593.1988429613,-113.553955,19902.55,90.0178,454.85303,-5.540908,831.49664,25.571491,197.12756,2.6110346,101.43282,3.1918452,148.13797,1.1313877,95.37926,6.1513777,128.43927,2.7998388,104.87127,-1.860382,125.31448,-7.1145787,89.4148,-3.4467702,82.35886,-5.915337,61.422573,-4.3468876,70.06542,-4.941943,87.11865,-4.37761,41.954468,-3.3065085,47.447052,-5.4231596,47.289337,-0.56623006,45.01371,-2.1706102,45.478962,0.26229402,0.03884166,0.4336341,0.13473944,0.26549777,0.049161665,0.27774677,0.0997923,0.2124858,0.061123412,0.21989907,0.035459764,0.51614064,0.12616278,0.31997254,0.060981482,0.3086515,0.10375272,0.2406592,0.050089825,0.38187972,0.071970366,0.43975386,0.103345655,112.34714673913044
22,pop,pop.00008.wav,"[ 0.4713745   0.42648315  0.41140747 ...  0.03622437 -0.07781982
 -0.12097168]",22050,0.12142922849958812,0.028444627426867354,2881.55388007729,57341.54807331213,0.19436278641223909,0.0001311481401765757,6418.8076735276445,95037.73174751044,-52.421513,2217.5552,74.03342,601.95416,12.680926,637.92084,24.495552,160.57674,21.09758,119.100235,1.9039341,145.74738,6.8095055,85.28795,4.729847,59.896088,8.409067,68.368835,8.243973,56.098946,-2.2749782,60.206917,-1.1975456,47.891834,-2.679471,40.073788,0.2626681,49.67415,-1.0600877,32.509712,-0.83907855,42.36878,-1.2490486,60.606155,-2.3340125,53.434162,3.812872,54.53056,0.29528332,89.09658,0.36861575,0.07673774,0.38456544,0.082364224,0.4113535,0.06951355,0.6037188,0.110849604,0.45576027,0.069851205,0.40114406,0.09079185,0.33865806,0.08177337,0.34271055,0.071374275,0.5286705,0.11527475,0.37144342,0.05573405,0.33800858,0.069693245,0.2999361,0.055546854,172.265625
23,pop,pop.00007.wav,"[-0.0295105  -0.03182983 -0.02349854 ... -0.03009033 -0.02676392
 -0.00540161]",22050,0.08244555561976817,0.018042295823265338,1966.9930656607296,234781.86227240897,0.08383038528263569,0.00043763770896173025,4125.496694711539,1255609.1697280984,-224.40593,3679.6606,107.35062,2010.7577,-1.5871207,691.1502,13.89054,671.0719,8.119408,181.74039,-9.372527,213.78375,8.1145,143.44054,9.291044,132.7394,9.097891,114.60303,6.020981,178.32527,-6.662428,178.06447,2.0678563,200.32787,6.188163,239.56918,8.312806,159.23224,7.5629983,196.13385,2.0551717,201.67104,4.548859,213.8185,1.2237831,130.65872,-1.6463919,139.94606,-3.7158308,175.5296,0.18295933,0.061056234,0.28341666,0.086251296,0.44781056,0.15204845,0.22137366,0.058114827,0.12728313,0.028277026,0.13074493,0.042432297,0.17604221,0.060100194,0.20240055,0.07942649,0.21219684,0.04612461,0.49763522,0.16049388,0.33310425,0.095903315,0.20550352,0.07322055,129.19921875
24,pop,pop.00002.wav,"[-0.09274292 -0.11630249 -0.11886597 ...  0.14419556  0.16311646
  0.09634399]",22050,0.11907572319572887,0.01160462800595968,3212.3569410697364,17933.3306598095,0.21380925923585892,0.0002839323238392422,7422.594501201924,114926.7064064338,-59.60099,2908.3613,62.973675,596.422,31.116804,181.11209,16.918835,155.99889,8.888802,103.75861,10.814814,112.18553,10.554175,83.00242,5.1616035,55.843376,5.3897095,55.475155,6.1492314,65.50027,2.269166,63.562595,4.2469974,63.3093,4.121749,69.277885,5.727116,87.49525,5.0641093,81.24245,5.67125,94.61891,1.4162563,71.94915,2.8106606,58.108,-1.4138899,43.981354,-3.3864543,46.3038,0.47582224,0.11940977,0.43343723,0.08230455,0.4828674,0.10712778,0.34017327,0.061927363,0.28770348,0.05305947,0.29968783,0.07051988,0.32758078,0.07166872,0.41156378,0.101584956,0.42162582,0.07951146,0.5607322,0.09988163,0.54671925,0.10547554,0.4258135,0.08026969,129.19921875
25,pop,pop.00003.wav,"[-0.0249939  -0.01815796 -0.02023315 ... -0.36505127 -0.4237976
 -0.42385864]",22050,0.08547939454861399,0.019123664156976593,1837.5441943449187,134661.59592657955,0.12856176793575286,0.0003104663755628701,3669.481426532452,445183.1284479632,-125.878746,2745.6047,126.59248,1228.871,-23.16423,507.24088,36.222904,368.473,20.941078,142.78128,-1.178133,182.02644,16.49263,104.42439,-3.6442106,90.05693,6.5201015,92.1369,9.341534,79.24412,-6.4032426,70.350746,3.8655267,60.197083,-7.9430027,57.974556,2.04483,68.86275,-2.3307312,66.48117,-1.4820092,68.72704,4.7480507,77.792885,-3.500787,72.01733,4.8901486,61.283348,-3.1965349,60.909,0.37302968,0.080514245,0.33875048,0.04724061,0.5640998,0.098589905,0.36755,0.04769303,0.2707019,0.039876636,0.32195735,0.07750155,0.38615936,0.05332982,0.71050245,0.08794949,0.44133937,0.053638782,0.40239435,0.09092788,0.32879844,0.060679484,0.4135603,0.07806715,92.28515625
26,pop,pop.00000.wav,"[-0.0887146  -0.09524536 -0.10275269 ...  0.04016113  0.03860474
  0.02639771]",22050,0.1269047160418722,0.02976012297694677,3421.513231414579,126043.46019606975,0.18468364775180818,0.0013935405913562261,7953.512188251201,323892.69586696447,-94.507706,4169.451,55.67104,619.3284,29.26626,325.30518,27.035044,293.3518,20.046722,140.73383,1.1847866,224.80861,12.946829,136.18828,-0.79853857,161.86072,8.866569,119.53509,-0.6815192,125.67849,-5.3425074,96.85952,2.2080843,74.16854,-4.6136193,71.35775,-0.9867294,49.63589,-1.4889774,61.333065,3.116903,112.50386,2.504271,92.407234,4.1002727,112.86937,9.17729,87.59621,4.741727,88.58237,0.38352704,0.09647824,0.32721692,0.06501442,0.3898005,0.09730105,0.32572132,0.060255207,0.46205592,0.11256069,0.480447,0.113922626,0.33977783,0.057570953,0.47913158,0.12980206,0.40071708,0.07458277,0.41143388,0.10066007,0.33825043,0.07870344,0.3377641,0.06640766,135.99917763157896
27,pop,pop.00004.wav,"[-0.12844849 -0.10952759 -0.06726074 ... -0.31854248 -0.31814575
 -0.43252563]",22050,0.1238991843649547,0.02203885884900356,2751.4973412963386,65593.21301493535,0.20994188338518144,0.0003247506077428874,5986.023418719951,236726.97094781324,-20.932325,1277.2793,83.24618,497.58316,5.0522327,379.99564,16.362148,172.30475,9.399238,103.768814,-0.56426716,132.2916,4.0395784,77.535385,6.204656,48.640255,9.118701,51.03177,5.864222,49.889416,-3.5043368,36.050194,-0.63819164,38.53403,-3.169014,34.502907,1.5493342,41.29012,-0.91566044,32.606133,-2.957518,47.632214,-1.3284,36.215282,-0.8770299,43.70539,0.6870288,52.989502,-1.7721593,48.6912,0.38014767,0.08661592,0.35780054,0.0626326,0.42703047,0.102347456,0.3334311,0.060820762,0.39569744,0.09664484,0.3268187,0.069072224,0.3493562,0.077865586,0.39353353,0.086514734,0.4225367,0.08569879,0.47658285,0.092872195,0.35892618,0.069008514,0.39097992,0.092050664,107.666015625
28,pop,pop.00006.wav,"[-0.0340271  -0.04330444 -0.0463562  ...  0.08895874  0.06835938
  0.01708984]",22050,0.06779217575445426,0.021436003878996884,2122.3413113790098,93142.82364192558,0.0934390265494585,0.0006336679237356092,4971.917217548076,539974.5209362295,-169.12946,4908.413,94.64907,577.69855,24.48003,353.99103,27.384007,181.76631,11.639039,61.881386,14.885311,105.03167,4.2372394,63.262802,12.381324,42.912354,10.709881,36.95594,5.1241975,44.864616,-0.3483768,56.543236,1.2524847,45.035286,-4.157143,47.483643,-3.124799,50.51993,0.30709663,33.972183,-3.5452862,37.400963,-2.8116305,33.87045,-5.7679443,38.79523,-5.212289,58.174038,-0.09213235,49.96161,0.5529875,0.12942545,0.37999168,0.06838613,0.32281658,0.0678263,0.25776592,0.047847826,0.27836245,0.04972454,0.3521841,0.11945422,0.39221737,0.051025905,0.61247873,0.10728816,0.37937832,0.05161042,0.27565488,0.07470738,0.26025772,0.04680957,0.42935744,0.07512673,92.28515625
29,pop,pop.00001.wav,[0.7692261  0.2246399  0.69036865 ... 0.21218872 0.21685791 0.24371338],22050,0.14960464127873507,0.01981262166726319,3697.4312067683977,54154.60900625643,0.26077036559581757,0.0002932601239853838,8064.333646334135,136492.47495493092,-59.167095,5427.7104,45.31407,1440.8833,36.86272,895.25525,15.6994,494.67468,15.664842,334.71713,1.6692803,328.95087,7.293104,219.53711,8.811882,187.13007,5.8277197,188.77106,7.989068,147.81265,-2.2795851,113.31007,1.9039608,108.30502,-0.91525316,116.19692,0.04223725,98.4934,0.096951775,93.33559,-0.82935286,129.6903,5.5751543,205.32909,3.8229442,170.98001,5.5785375,166.52544,4.9321375,155.19604,0.4467493,0.11408971,0.36252996,0.07944886,0.3626063,0.083226115,0.41858461,0.10491481,0.40150884,0.0838653,0.51254183,0.1374612,0.41326565,0.07670154,0.5119892,0.11160719,0.45995763,0.099049374,0.35681027,0.08298077,0.36819085,0.091523655,0.3414407,0.06844422,107.666015625
30,classical,classical.00002.wav,"[-0.04046631 -0.07815552 -0.08737183 ... -0.06555176 -0.04309082
 -0.02944946]",22050,0.09018361209715184,0.012353212667300096,1492.8431549110437,8780.594361448466,0.043583504483103754,7.329181048556358e-05,2789.659592848558,28097.52480000576,-235.30266,854.2952,141.11952,197.94649,-34.68189,151.49007,30.97919,135.62515,-16.402012,50.821636,23.11808,81.742584,-11.041572,79.2129,7.6543593,59.207134,-19.016834,50.765453,4.2267823,77.788445,-11.8357525,60.016907,8.917746,67.45937,-1.4451483,99.53163,4.2909236,81.2823,1.4704617,95.079384,3.1791406,85.04738,-1.3147043,77.01371,2.9452567,74.20226,-1.6585304,59.31735,-2.8946586,53.034893,0.19733901,0.018755667,0.42375132,0.12372665,0.36188352,0.10665293,0.23207872,0.040730134,0.39317593,0.13505147,0.14610638,0.012559914,0.23258813,0.08390813,0.14149223,0.021270473,0.28141227,0.07628907,0.28685394,0.08771416,0.17807446,0.016682502,0.45996684,0.15009892,99.38401442307692
31,classical,classical.00008.wav,[0.01538086 0.02087402 0.01119995 ... 0.06060791 0.06332397 0.03695679],22050,0.07889301293309865,0.015325319107680995,1517.271549399749,29317.21166472837,0.033856657426804306,0.00022638510701148876,2974.8948317307695,99549.07105192632,-292.093,4867.0347,127.76223,252.69746,-29.910952,201.96495,37.434177,85.85785,-9.569949,112.58077,5.109292,77.41208,-13.825463,84.46526,7.040886,61.50833,-7.0332546,93.65803,6.498645,97.119156,-9.904662,119.551605,4.711042,122.621635,0.3650692,164.8904,1.4664493,148.43431,3.4063017,152.53632,6.0794387,143.22926,0.9565999,142.14795,-0.76072896,94.01976,-2.102644,121.94109,0.7553475,104.20617,0.47982314,0.15406264,0.20529716,0.02389528,0.22564027,0.08509081,0.16869524,0.05603608,0.1733424,0.044043664,0.32570818,0.1329949,0.17470205,0.035233226,0.2469055,0.087546065,0.19397454,0.058571182,0.3135335,0.0907378,0.34277746,0.119361244,0.206462,0.026349723,135.99917763157896
32,classical,classical.00003.wav,"[-0.0083313  -0.02258301 -0.04367065 ...  0.00463867 -0.00314331
 -0.00640869]",22050,0.10910636550005921,0.023643703733639127,1530.5332068677694,30246.770335310495,0.029246988613158463,0.00014605337545666914,2919.3308856670674,102168.09024383652,-326.89743,3197.6777,127.400604,309.77808,-30.596176,462.49683,37.471397,127.375435,-5.2961755,131.09523,20.813564,116.73915,-1.7786853,72.687584,-4.6154566,100.320045,-4.040199,93.012054,5.2422743,73.75591,-0.6424488,125.50999,2.7945673,173.09595,7.2292066,151.28098,3.9706953,113.17692,-2.3921704,154.95311,1.4881847,125.20926,0.5893414,111.411896,-0.59301853,151.70667,2.3430703,133.95055,2.6382525,210.39919,0.33399972,0.14040458,0.1398566,0.014449136,0.34869316,0.15032214,0.25355235,0.08661027,0.2600847,0.08973248,0.26660758,0.12092671,0.20028205,0.05788951,0.32216415,0.11120128,0.11452198,0.009308361,0.20057936,0.06715888,0.16780025,0.03996806,0.20250612,0.049622208,135.99917763157896
33,classical,classical.00005.wav,"[-0.02459717 -0.04446411 -0.04428101 ... -0.00109863 -0.00091553
 -0.00152588]",22050,0.0753165037990172,0.009496844274507976,1431.972082534411,9039.795195586981,0.04299941770732403,0.00024060720646079886,2835.2188814603364,35922.6676906372,-264.33557,7371.5586,138.1797,321.03146,-30.096487,147.68916,37.83662,178.13768,-7.1731243,95.44989,6.7740793,108.36917,-11.809729,73.81504,4.7056303,81.6296,-9.825993,63.12352,5.859127,93.53124,-9.563163,55.42707,2.6768575,85.86542,-4.7887115,72.231636,-1.4070551,80.48094,-2.0916636,86.886185,2.9732933,77.67481,3.3565183,86.24632,4.810774,78.56477,1.757385,73.03014,-1.8323591,89.71669,0.31518847,0.12642941,0.15671287,0.025562247,0.25549224,0.06805784,0.38871372,0.12447003,0.18431316,0.025142472,0.27619144,0.10526505,0.16458249,0.017409869,0.3620685,0.109294586,0.42971838,0.120582074,0.2538626,0.06153574,0.25837114,0.083803795,0.17686193,0.03208747,143.5546875
34,classical,classical.00001.wav,"[-0.01138306 -0.00216675  0.01687622 ... -0.02954102 -0.0378418
 -0.03924561]",22050,0.08791102995196956,0.013726473450952886,1362.737822034537,10375.009273755777,0.030438630655407906,3.3223468898927746e-05,2391.65146108774,65444.70798495997,-324.09125,979.1932,133.56267,334.83707,-25.030157,186.74216,24.55361,151.79381,-11.939921,130.00177,17.6585,139.34486,-5.5186734,122.71082,1.71689,82.22954,-10.575926,76.70574,-0.8605745,82.28339,-7.80522,98.36383,3.5297625,117.64856,5.0546646,192.91438,1.3707235,156.38995,3.0050097,163.41847,-3.125152,158.62508,-4.2895784,75.69735,0.5940247,134.63237,2.877037,153.62086,0.37455836,123.75886,0.16392998,0.03288633,0.24087314,0.08922235,0.38838485,0.14265774,0.15326962,0.03742362,0.14749502,0.06411213,0.11807121,0.032937303,0.25473484,0.1105778,0.16138998,0.049756195,0.09070384,0.014727591,0.17595632,0.07501616,0.216874,0.051536202,0.46804577,0.1827077,117.45383522727273
35,classical,classical.00009.wav,"[ 0.01455688  0.02090454  0.01434326 ... -0.03311157 -0.03463745
 -0.03488159]",22050,0.056318189143722774,0.0165250887431824,1220.0987130421329,43421.04458715901,0.023661871440708637,0.00012493995323661493,2569.656512920673,190872.00625696825,-356.10693,5140.358,139.79785,594.8048,-6.283125,222.03105,43.18759,75.501045,-8.871487,121.00684,11.056036,63.851048,-8.395702,70.53017,4.4202566,55.492558,-8.28007,84.04758,8.684677,59.02246,-8.132967,59.21221,3.433306,62.929585,-1.4450533,80.894875,-0.41593623,75.76779,-1.7238505,81.89287,-0.29888755,79.396614,-0.663111,80.80864,1.1574033,105.04092,-0.61887,92.504,-0.25522968,88.03168,0.33005592,0.12264486,0.22444354,0.02856022,0.42632505,0.137986,0.41636947,0.11821781,0.18138202,0.029365705,0.17938241,0.057389382,0.23259695,0.061285663,0.32187557,0.0996475,0.21313213,0.057736564,0.25459903,0.071749315,0.28167403,0.0933405,0.18486089,0.027076071,129.19921875
36,classical,classical.00004.wav,"[-0.01077271 -0.02001953 -0.02426147 ... -0.10516357 -0.11056519
 -0.09179688]",22050,0.1130246355280025,0.012667531331138671,1707.2669829541676,19209.603671138117,0.042069807276129724,1.512929037877489e-05,3177.9115271935093,89435.44414300221,-259.95258,561.93274,118.92715,220.29858,-35.608337,142.42743,31.969566,64.38051,-16.524868,75.918205,10.618957,58.412106,-15.653264,56.39852,7.425692,109.00592,-5.82416,96.58822,8.26638,96.77732,-17.991137,184.43358,-1.1879282,161.21626,-6.356529,104.37319,2.7542677,143.90154,-2.5846868,83.47156,4.4022484,83.16029,-4.126775,69.438194,-4.7860994,131.76007,-4.7787433,115.38224,-4.6025324,217.16139,0.32666084,0.115528256,0.14008462,0.024271639,0.24897668,0.11801038,0.12597182,0.013496372,0.34184575,0.13607898,0.2416039,0.10591687,0.122894265,0.03505398,0.12996168,0.04124166,0.1832983,0.07027013,0.3101378,0.124516495,0.18272458,0.055634003,0.30405736,0.101635724,107.666015625
37,classical,classical.00000.wav,"[-0.02008057 -0.01748657  0.00418091 ...  0.01934814  0.027771
  0.03131104]",22050,0.09835842937974927,0.0057333563237913845,1507.6410558274044,3955.0740055231117,0.036035234481096266,5.2266186413236224e-05,2719.6021446814902,41990.26194648803,-268.21857,1791.9357,135.68166,188.9014,-34.056377,231.39032,25.616009,169.4143,-12.971723,71.249275,17.903263,74.562096,-9.99086,114.8693,5.634088,65.84175,-14.143673,75.42844,7.4931846,177.21745,-3.9764395,106.70966,8.258308,80.11544,-1.333601,154.7423,-0.35799497,188.3949,1.0361007,171.72484,3.7968225,86.13082,-0.31847075,100.83575,1.7730546,95.49382,0.88872147,97.099724,-0.8350777,120.92083,0.124485895,0.014919879,0.29797456,0.089453526,0.4111422,0.12276713,0.20596313,0.042015944,0.33997557,0.1330817,0.15979327,0.017610507,0.33692718,0.13016729,0.19643375,0.057872023,0.17463093,0.043703817,0.32131812,0.11068476,0.14651543,0.014125492,0.3131666,0.13536301,95.703125
38,classical,classical.00007.wav,"[-0.06890869 -0.10128784 -0.07559204 ...  0.17019653  0.18179321
  0.16390991]",22050,0.07322494430695993,0.023219564183284216,1361.6248603935105,56306.06079994453,0.040655245166271926,0.0003194393919468187,2671.4174616887017,191095.76703192954,-286.7648,7855.682,135.92358,530.6477,-24.435642,524.05566,36.658123,142.76888,-6.240166,155.03932,6.963425,71.1228,-8.172439,105.7642,3.8363292,155.44951,-4.407772,87.29626,6.43176,104.58336,-4.1324863,82.374435,1.5559709,93.080605,-4.3460455,68.90873,-3.0125496,67.24286,-0.016203536,64.32783,5.6396313,159.79346,3.425168,121.63012,2.8352244,69.33849,1.0982251,63.845886,-0.2922133,91.20515,0.18918535,0.08407132,0.1412124,0.03109611,0.3422537,0.10170353,0.39533067,0.13311416,0.20491399,0.023332436,0.39033648,0.12813297,0.17472416,0.024515463,0.2759339,0.08274161,0.30637044,0.105085954,0.25835252,0.03927209,0.4685547,0.14724797,0.1720149,0.027935598,107.666015625
39,classical,classical.00006.wav,"[-0.01519775 -0.0246582  -0.01455688 ... -0.00259399 -0.0050354
 -0.00613403]",22050,0.07299712018774299,0.017166999346812175,1373.5726784546557,28842.451190005166,0.03302061203867197,6.970970126796944e-05,2738.617619441106,126900.62062812591,-295.8206,3998.7344,134.53781,307.79678,-22.434929,160.4824,40.75837,85.52023,-5.8729753,117.90183,9.266152,69.7587,-11.873935,85.50215,6.287886,85.62204,-8.864131,57.055767,4.4022937,76.65616,-9.374511,105.205894,4.060037,82.81119,1.6421571,94.27091,5.1347084,80.08628,5.4260035,100.84701,2.2642205,84.92328,-1.8280866,98.38674,-2.927299,100.32394,0.14413233,87.78879,3.1980677,102.54108,0.58698136,0.1455881,0.22406003,0.04901475,0.19525449,0.052120384,0.23415686,0.07633447,0.17372917,0.033541635,0.27642348,0.09779917,0.19078135,0.03941106,0.29723093,0.085424595,0.3157634,0.119596116,0.15647238,0.03137677,0.18855402,0.0735069,0.29773337,0.07033279,103.359375
40,rock,rock.00009.wav,"[-0.02682495 -0.03875732 -0.0296936  ... -0.03311157 -0.04400635
 -0.05004883]",22050,0.04259327498762327,0.005123802004941819,1184.180515142319,3586.384478588622,0.12749770432710647,0.0006858212199965163,2381.240985576923,27085.644236097683,-178.60347,4753.15,154.00502,885.8791,-4.958517,456.54056,21.928644,201.19952,-2.0540266,136.18881,23.674204,76.29957,-1.2848492,128.36229,11.562133,71.51964,-6.0270863,110.39529,4.947251,68.50323,-2.940482,62.627193,5.409077,37.261837,-4.1239824,63.244514,2.9835277,51.947952,-5.321567,49.810734,-8.830944,57.607018,-11.077198,40.246956,-3.2063417,29.99211,3.8582175,32.904152,3.5543106,32.467808,0.54499733,0.10869853,0.31313172,0.039645914,0.31472477,0.09437619,0.2259102,0.024118286,0.37888044,0.074065916,0.5477351,0.118110016,0.60736084,0.078130186,0.53672993,0.09325585,0.29794616,0.06517842,0.2860336,0.09889863,0.14527926,0.016156968,0.31572777,0.0603623,151.99908088235293
41,rock,rock.00003.wav,"[-0.09442139 -0.14968872 -0.13104248 ...  0.02719116 -0.00985718
 -0.06130981]",22050,0.04315844666004613,0.008755345566414673,1421.0314272148019,27345.649551436527,0.1504146710038185,0.00015602102025647155,3040.794715294471,143298.08438591743,-156.54553,5366.87,130.7242,735.0138,-1.4807916,405.91965,36.234592,150.96098,0.3509127,246.40097,31.955034,96.25901,-0.6218728,142.61746,20.156782,73.12981,-11.339355,106.01004,13.855699,49.5893,-3.7898717,83.45811,11.537828,70.01548,-3.2142532,68.85042,5.058525,50.31913,-1.7850621,57.22465,3.542804,28.201984,-2.4448645,32.993214,-0.73302484,33.03518,-1.4241275,39.34434,0.6442886,35.79731,0.34336483,0.11703084,0.25151965,0.05466162,0.2474412,0.059334055,0.32053697,0.06913755,0.4762034,0.112690054,0.48080093,0.1190331,0.44954658,0.08442868,0.4815315,0.08591869,0.4856616,0.111208394,0.44135574,0.13192919,0.3094517,0.0752411,0.2739369,0.055187803,95.703125
42,rock,rock.00007.wav,"[ 0.10076904  0.15240479  0.12155151 ... -0.00024414  0.00830078
  0.03182983]",22050,0.047242746891781824,0.008970844320104306,1284.352247442482,19658.045589320904,0.15604663342237474,0.001612292632329828,2681.7119891826924,102365.04612935364,-140.46417,2934.91,149.30049,557.28143,-10.073525,273.60104,38.784744,136.99059,1.5350952,162.65771,20.120266,71.56868,-11.34188,90.33152,16.292198,67.22714,-13.255261,146.00279,10.183559,92.77045,-9.257683,86.35762,4.699765,50.890213,-8.370977,51.051365,2.2718363,45.68781,-6.509603,48.04199,-1.6324769,50.388,-6.4886813,53.077282,-4.7097774,49.610226,-2.5701594,34.24324,-1.7915926,28.87634,0.40850207,0.0948732,0.3421114,0.066824764,0.3675627,0.104552515,0.2899218,0.04450714,0.5177227,0.107163906,0.5221736,0.12319942,0.33342746,0.06416079,0.31746218,0.096375085,0.35570198,0.07028689,0.36598992,0.09442031,0.2082015,0.04483215,0.28072846,0.05085318,89.10290948275862
43,rock,rock.00006.wav,"[ 0.11206055  0.1816101   0.16653442 ...  0.13134766  0.09609985
 -0.01416016]",22050,0.08744552862189728,0.011583883085915904,1678.0851199577137,13360.978919816915,0.1790245831012726,0.0005536262387002643,3257.8079927884614,43886.398012355945,-98.38648,2694.7004,136.57487,671.1489,-46.71402,339.41483,46.476673,255.24083,-17.152012,213.64885,10.547506,147.66106,-14.580566,116.87941,16.55133,113.080025,-12.312679,99.419655,3.701862,85.8813,-12.647758,87.86799,2.9513052,78.73793,-12.505246,64.52926,0.10987183,62.327606,-0.7819078,72.176476,-5.6888523,63.223953,-8.629558,65.66598,-1.8903698,52.954563,-2.1854918,41.101078,-3.397589,44.949505,0.3208948,0.0735153,0.44570595,0.1184897,0.44266915,0.07289344,0.5137566,0.11824435,0.27510458,0.04773417,0.22419515,0.052475907,0.2786363,0.073637,0.3266592,0.0923578,0.43654186,0.10599477,0.32671455,0.07016238,0.30688274,0.08395071,0.23605068,0.051975213,112.34714673913044
44,rock,rock.00002.wav,"[-0.08190918 -0.11526489 -0.08959961 ... -0.19174194 -0.31488037
 -0.15615845]",22050,0.07696345615555514,0.015135868617466845,1872.7211712622989,15097.631846398275,0.14765892326831817,0.0001917667575848192,3923.3744553786064,80359.41654033247,-120.445526,8091.6523,117.5898,855.72375,-27.635336,548.95874,42.838066,194.111,-6.757944,296.32077,21.64214,155.98851,-12.10304,113.92696,17.95223,59.674187,-10.473286,118.46772,12.275668,61.06342,-6.5690436,92.33622,13.523022,44.695625,-2.420074,65.17194,6.712717,47.13644,-3.1554117,73.76782,5.4701724,32.84723,-2.235662,45.98354,1.0611793,48.13715,-1.654424,32.438797,-0.035615124,31.247318,0.50704503,0.08786588,0.48393872,0.047799326,0.7297073,0.09644699,0.39711785,0.032552067,0.28936818,0.04906908,0.27613235,0.05578408,0.2931214,0.04940344,0.29485932,0.053204272,0.42637408,0.06515482,0.61495245,0.0919725,0.45172176,0.07761494,0.4770262,0.11558715,107.666015625
45,rock,rock.00008.wav,"[-0.27770996 -0.38571167 -0.23297119 ...  0.0149231  -0.06390381
 -0.07302856]",22050,0.08505825062510315,0.009190168198822584,1719.9947651987975,14228.0176746373,0.2593734934926033,0.00022127285360512563,3368.596322866587,141257.71367856066,-14.946681,586.03094,138.44057,193.81853,-41.902412,71.186485,22.075436,97.14124,-18.676533,57.090958,32.004406,36.98471,-20.370274,40.541683,15.703648,44.059715,-17.348824,50.44654,14.874468,19.228134,-8.903126,25.562647,12.260919,36.830887,-5.8288655,35.157722,9.972276,29.98837,-3.1722856,25.010906,1.9803573,21.618004,-6.9255514,26.14545,3.12534,20.053642,-2.9862368,18.841654,-6.6731334,32.08077,0.3604298,0.06261016,0.47747108,0.09446597,0.4031369,0.069886185,0.36912033,0.061674368,0.33489344,0.07130204,0.29249617,0.05192412,0.37752077,0.079904735,0.520325,0.10860499,0.476082,0.05442731,0.5345362,0.1236187,0.39421514,0.06432433,0.3661411,0.07797807,123.046875
46,rock,rock.00000.wav,"[-0.03344727 -0.05490112 -0.05435181 ... -0.08416748  0.02886963
  0.1296997 ]",22050,0.0903737611627651,0.02294746745746432,1997.6844258162005,53252.39517974768,0.1283400408923626,0.002891573891024813,4231.340670072115,227275.7771629187,-116.62627,5845.387,109.25263,485.50607,-23.163752,368.85547,40.67948,161.10098,-11.888837,195.70766,23.152943,127.25556,-15.409277,130.27264,15.1249895,63.697853,-13.522578,111.76193,12.695887,59.18774,-10.871556,77.22884,8.497991,54.67226,-11.577597,39.065804,2.1976974,59.77731,-6.180506,72.424324,1.9899799,72.008995,-7.9558887,35.61278,2.0833836,33.016693,-2.3929138,30.403517,-1.5417932,57.88043,0.37538671,0.07384538,0.4899829,0.0788027,0.49544105,0.104379185,0.41691038,0.0585161,0.4765046,0.11409897,0.33138686,0.080736905,0.2833211,0.057041526,0.325555,0.08631464,0.3884531,0.06693018,0.50401485,0.12115716,0.2874396,0.05150659,0.27479997,0.05274756,123.046875
47,rock,rock.00004.wav,[0.01242065 0.07501221 0.05819702 ... 0.13513184 0.17703247 0.1826477 ],22050,0.04114567473150772,0.008930487088143453,1346.2696845695646,31682.002134797764,0.2075318858027458,0.00048097256856826964,2940.524526742788,284836.8147390269,-127.970406,3183.7078,134.44084,828.56964,1.0205101,451.0446,54.43924,154.66486,-0.4544706,161.37947,35.814583,102.645134,-10.856742,133.12305,16.386305,43.617428,-10.0327215,113.01953,6.5924654,87.64446,-6.6975994,66.39649,11.041861,67.328285,-8.380609,65.613625,2.1077473,52.52756,-6.3462076,39.329388,0.9917485,37.742226,-5.323316,46.326424,-0.8430055,43.06578,-4.661474,27.124548,-4.788684,27.6364,0.36216694,0.09129373,0.36138406,0.08050212,0.35536033,0.09742458,0.32183203,0.075908266,0.28315225,0.066944204,0.25592095,0.055597704,0.3339038,0.057846278,0.5450671,0.12731177,0.512038,0.07425224,0.461979,0.1202456,0.34720138,0.073050715,0.32186845,0.057347562,103.359375
48,rock,rock.00001.wav,[0.36239624 0.6494751  0.6317444  ... 0.04336548 0.0557251  0.05700684],22050,0.055041279559588555,0.012798374580615389,1530.9235119326959,53706.88268757289,0.17931559383869172,0.0027567403794346544,3275.183631310096,360900.8706962907,-111.25285,3154.2026,134.15211,745.4454,-24.65805,318.48376,41.54234,203.56879,-3.0750806,131.25163,28.475191,73.57225,-10.59955,146.67413,14.917008,53.902206,-14.410271,118.97466,8.844091,49.57464,-4.5479774,71.35294,9.940146,62.030167,-4.680241,54.027027,3.6218278,34.821842,-5.555472,49.379974,3.3616462,28.226122,-4.9562955,38.255936,-1.4779109,38.036705,0.089315675,31.705433,-5.348198,37.678947,0.29498082,0.087806016,0.31911126,0.08216899,0.3383049,0.10480844,0.39390814,0.061425257,0.47899717,0.12694861,0.3133994,0.050731927,0.27673933,0.0761534,0.30829057,0.07084029,0.4129999,0.09916913,0.4969466,0.1288795,0.39391893,0.07912767,0.3572556,0.08122763,151.99908088235293
49,rock,rock.00005.wav,"[ 0.05627441  0.09179688  0.10171509 ... -0.24969482 -0.15661621
 -0.05892944]",22050,0.07713575550813964,0.008413501335495037,1543.3217769651403,30617.811683622564,0.20259183794260024,0.0009738981151700996,2869.7465444711534,109163.6372049758,-62.36485,1572.5226,153.79044,975.2122,-55.13121,223.17624,28.010103,143.24887,-6.850295,157.17488,17.46384,99.863846,-22.614672,190.12909,18.14102,78.53615,-12.584327,132.88754,4.502157,75.72983,-8.390483,61.825478,7.216679,47.548717,-2.5232487,47.69909,4.844655,28.731682,-6.2757077,31.911957,-0.7144788,45.18292,-2.2775123,27.14101,-5.244769,41.87875,-5.2250953,28.84118,-6.2768855,33.44248,0.63556147,0.11452909,0.46344283,0.05379237,0.44832417,0.12001148,0.33151257,0.05541883,0.40410283,0.07633124,0.19784161,0.022252599,0.23306726,0.038367465,0.27600208,0.040803727,0.31380114,0.046186406,0.48369592,0.14329332,0.32157752,0.04697283,0.41216758,0.060057033,99.38401442307692
50,metal,metal.00004.wav,"[-0.04174805 -0.06900024 -0.04388428 ...  0.03582764  0.03430176
 -0.00180054]",22050,0.19267599394902354,0.008357879895540795,3401.765631902468,12533.386938739073,0.06307434961199761,8.210049329762103e-06,6901.764291616586,51472.617624287435,-107.15857,1127.3875,47.66012,322.0875,-8.623368,182.35811,38.404957,182.75574,8.464611,102.79663,9.544071,96.171715,1.0112349,111.44655,20.752398,80.36112,0.71035355,62.776966,11.781386,63.803482,1.1649987,49.65415,11.065436,42.729504,-2.537655,43.61262,7.584563,42.63342,-4.201381,36.75403,7.0797977,36.84952,-6.62206,39.422897,4.5490694,32.383205,-4.264682,30.514742,4.287557,32.46356,0.5873929,0.04659196,0.6252649,0.047064,0.6551111,0.05739546,0.59186804,0.050045043,0.5854507,0.035131216,0.6593953,0.048817214,0.6037233,0.038758952,0.65086097,0.04731983,0.6981493,0.04453303,0.7171774,0.049192026,0.65102804,0.045228086,0.591477,0.04382856,135.99917763157896
51,metal,metal.00006.wav,"[ 0.00180054  0.02932739  0.00665283 ... -0.12728882 -0.08517456
 -0.08630371]",22050,0.1983675185532756,0.02489991837485441,3237.320254514391,77886.54618309901,0.05015752539038658,6.51057480320849e-06,6229.000769981971,193895.53255570045,-140.7743,784.45233,55.93842,431.26688,-12.305976,296.3112,44.334286,152.56409,-10.598108,152.63301,10.867342,70.598114,-0.94542086,141.85373,22.24718,102.81982,-9.377725,102.549866,15.238384,57.755367,-3.0571644,75.44971,9.061382,62.57748,-8.799073,60.576797,8.731085,57.551395,-12.109936,58.431225,5.5577335,54.10838,-12.472168,56.375145,6.35424,54.896656,-3.8567278,51.14528,4.7147374,54.53368,0.3460338,0.06875523,0.3539108,0.07699876,0.33965543,0.051825963,0.46343008,0.09385799,0.4310474,0.06419442,0.59057903,0.095661335,0.4850164,0.07688471,0.43412542,0.064334564,0.5390923,0.09953598,0.41927966,0.05798257,0.46245602,0.087463334,0.34267604,0.052438058,123.046875
52,metal,metal.00005.wav,"[-0.24032593 -0.2849121  -0.30215454 ... -0.06997681 -0.01342773
 -0.05044556]",22050,0.13452683855401323,0.008816896391037872,2464.1719634513074,10679.894723854884,0.12103762179613113,3.4769868187358714e-05,4953.125356820914,40658.667142337945,-79.6058,1074.4961,93.465515,299.44547,-27.727808,261.16815,64.066574,178.31404,-18.799423,95.27471,23.316315,57.916164,-10.544774,99.45414,13.356812,69.41359,-17.534975,69.09835,16.389614,71.872,-10.039802,55.8738,8.944684,52.90073,-16.07516,33.718388,4.2843738,44.507164,-14.801479,34.41582,0.25810516,42.28304,-8.213502,31.090641,3.4196138,44.850536,-3.7168067,46.68155,-2.4295259,40.048435,0.35933948,0.06578409,0.3713652,0.060278364,0.48659256,0.09558475,0.4080366,0.047398157,0.40644,0.09290775,0.36814952,0.059843395,0.4144415,0.061224714,0.54105777,0.12039862,0.45697805,0.060403965,0.46651432,0.10197221,0.38769683,0.046736684,0.40468046,0.08767245,151.99908088235293
53,metal,metal.00001.wav,[0.1164856  0.1194458  0.12341309 ... 0.01867676 0.06533813 0.034729  ],22050,0.15309366790254245,0.013832820994037478,2922.386449019868,20277.60363577733,0.09670969620347022,6.890751563929431e-05,6036.700984074519,118903.75304562948,-80.19851,456.874,64.840294,159.61916,-15.457802,131.7672,46.845818,81.633995,7.914341,92.366135,21.7688,47.638493,-2.1780026,95.41231,21.984138,55.68654,-7.7135434,57.457108,11.146056,59.764385,-4.2872386,45.83887,11.4456625,40.963238,-10.364867,44.034107,11.723209,57.45005,-7.101392,38.43347,5.932563,37.30371,-9.034272,37.967262,5.5063896,34.369102,-6.198091,43.068314,3.1290836,40.57281,0.4293007,0.04914906,0.5540933,0.09696277,0.5102251,0.055802967,0.57508624,0.09275836,0.45433915,0.05466021,0.45148924,0.0730066,0.46406275,0.075420596,0.40482736,0.0495242,0.4533675,0.073199876,0.45091358,0.06507777,0.50699025,0.07937051,0.46793488,0.07119664,151.99908088235293
54,metal,metal.00009.wav,"[ 0.07171631  0.03762817  0.01773071 ... -0.31219482 -0.26968384
 -0.1194458 ]",22050,0.09480966825363232,0.007106052733648848,2251.335424028269,9756.640021391167,0.31096152365207674,0.0003585645775238876,5113.025954026443,16980.31436609943,3.63844,542.8477,104.7562,191.27483,-0.8330118,114.86337,55.920498,222.62827,-29.22942,79.590614,31.247383,64.4438,-14.18906,61.736134,20.21433,50.347378,-8.2728195,49.55866,15.177011,39.9866,-14.592084,22.940441,15.659341,28.181831,-12.991373,22.854433,15.278262,28.310713,-6.9236765,26.474514,9.862301,29.91143,-6.496095,21.491547,4.8992124,19.935987,-0.7789391,19.202555,6.45774,18.523048,0.55835855,0.053688426,0.54711306,0.0427547,0.6457232,0.0776539,0.5097205,0.049753856,0.39822143,0.036003876,0.46589914,0.054806724,0.5296032,0.059815522,0.4946589,0.061941046,0.4822285,0.050446425,0.5395201,0.057367638,0.54714406,0.05631926,0.60582787,0.0822905,112.34714673913044
55,metal,metal.00000.wav,"[-0.12237549 -0.04919434  0.04440308 ... -0.17837524 -0.08401489
 -0.0284729 ]",22050,0.18333391024141177,0.013670638544656985,3272.0901094626015,29758.83120572857,0.11544404178857803,2.0319377052735456e-05,6404.91875751202,284302.2468159412,-52.940304,348.85107,50.09013,196.9416,-11.491269,260.2043,46.324932,222.09177,6.543001,116.34564,10.116378,81.851776,5.4855285,66.736946,8.844899,65.202774,5.929942,57.592354,6.625154,51.407864,-4.033035,56.706837,9.778293,54.307537,-3.1172316,53.32109,3.653597,57.853947,-6.502194,49.806744,1.0854731,47.405632,-4.482196,41.07208,4.709674,36.5996,-2.755327,44.850826,0.4985645,37.1307,0.5317407,0.08335842,0.53201514,0.051278554,0.6489445,0.07433628,0.48088947,0.054293185,0.45208812,0.04930544,0.45191303,0.07875008,0.41553947,0.050003603,0.5485609,0.08792985,0.4263321,0.042375367,0.4366054,0.060860544,0.4704269,0.07471809,0.45739514,0.053195935,95.703125
56,metal,metal.00003.wav,"[ 0.0395813   0.02209473 -0.01251221 ... -0.06118774 -0.04156494
  0.06515503]",22050,0.1669605127832122,0.014507860332326334,2752.2404408105112,10560.329611240555,0.14927464574575425,0.00014330285534122967,5234.787935697115,28509.094092188494,-43.095963,411.2994,75.37249,235.562,-47.823303,191.80861,53.022266,82.60553,-12.325954,74.32464,36.862835,78.32349,-8.285685,66.56636,28.386372,73.317795,-14.524615,48.442715,22.091658,38.878273,-7.3449435,50.749775,15.974339,31.3077,-13.12713,36.30733,12.259998,38.04744,-10.446625,40.154602,5.9282713,39.481956,-6.671972,39.88944,5.2811685,50.272762,-2.3263974,41.396603,3.5843415,41.555286,0.3994632,0.07335201,0.39673975,0.069502115,0.4207513,0.07862187,0.46804544,0.0643881,0.6151445,0.08114966,0.5249317,0.06932604,0.43126178,0.053156823,0.524373,0.07129453,0.59776074,0.08002646,0.6141311,0.09053668,0.44624975,0.06779816,0.41304326,0.069087684,99.38401442307692
57,metal,metal.00007.wav,"[ 0.03479004  0.08447266  0.0668335  ... -0.10333252 -0.12298584
 -0.15881348]",22050,0.1686097732378316,0.011909172225610238,2938.9235583594514,32684.66556357816,0.06905726417899131,3.91752259231659e-06,5805.359844501201,213830.82166549333,-108.10116,269.44467,65.7679,284.77933,-20.839346,244.47017,47.553825,110.13704,0.8670944,94.66556,8.987105,41.358112,-3.2015545,62.322132,20.969145,46.040726,-10.341167,42.03929,7.8690696,31.82381,-8.121823,32.244675,12.04054,35.260853,-9.151338,36.15593,6.9961557,35.825825,-8.7440605,33.89641,5.7798347,32.86281,-12.359096,29.798948,3.4397657,27.344746,-7.3712373,29.25781,4.8633327,24.971636,0.52361506,0.05856433,0.59775275,0.07121633,0.65344477,0.07835228,0.58903056,0.051949948,0.62569976,0.06458604,0.5895877,0.05582153,0.52757514,0.0501592,0.60000557,0.055455595,0.6913753,0.06051109,0.60911494,0.054241985,0.4862365,0.041964274,0.484269,0.051271137,151.99908088235293
58,metal,metal.00008.wav,"[-0.0291748  -0.02426147 -0.03848267 ...  0.11984253  0.06219482
  0.04144287]",22050,0.14079888121970882,0.021380206554692128,2965.7057115461007,71482.56866389957,0.058013422414660454,9.641342547309778e-06,6186.596923828126,273084.28205741267,-149.9959,1773.6383,67.87112,740.1548,-6.662219,494.83997,32.076027,177.89923,6.0948653,170.57942,12.234472,118.68364,9.144557,97.99411,10.1837845,112.212,3.7711596,65.402405,10.598272,81.24822,0.76798576,54.987564,7.7185936,63.78127,-1.1560501,52.139496,-3.2983494,36.790653,-7.5336413,38.822548,0.4232707,45.347935,-4.0075684,42.73716,1.2604561,47.92454,1.4773557,45.383423,5.4814763,51.30546,0.5081092,0.079112574,0.4292689,0.072060645,0.47738743,0.08686033,0.5055545,0.0682818,0.65340954,0.10300422,0.52778584,0.06666751,0.45598888,0.07588373,0.39995435,0.08470451,0.30652118,0.047421694,0.33935633,0.046589453,0.40984362,0.052807007,0.58663803,0.09601205,117.45383522727273
59,metal,metal.00002.wav,"[-0.0234375  -0.1100769  -0.11660767 ...  0.10198975  0.06524658
  0.084198  ]",22050,0.12856023807204384,0.011256954284926332,2198.828036435314,4495.205046851163,0.13195104971528054,7.761423076740268e-05,4447.7576434795665,24901.26071230511,-62.234993,995.3574,115.17359,316.81235,-42.7843,299.4344,54.301395,215.76904,-24.871058,75.68812,20.127165,106.46781,-21.635332,68.51922,20.841629,47.369938,-8.395902,59.444477,20.32247,44.97644,-10.730717,51.56767,9.666508,38.54738,-14.542503,52.8595,6.930495,31.853811,-7.477543,32.540565,5.972606,35.672356,-3.4734755,33.779537,6.566592,38.427895,-6.5757904,40.79123,2.963241,33.529026,0.37112904,0.06464915,0.4286954,0.081282936,0.38583356,0.059714526,0.34231097,0.043426365,0.45944923,0.06809091,0.41950804,0.052638385,0.5618709,0.096786164,0.5057575,0.088959776,0.46480146,0.07573546,0.47979236,0.083575875,0.38296723,0.058870282,0.39103666,0.08223337,112.34714673913044
60,blues,blues.00005.wav,"[-0.02429199 -0.02975464 -0.00961304 ...  0.13458252  0.0619812
 -0.00091553]",22050,0.09417600255364386,0.04425630959399866,1832.1298571132152,468846.6711505325,0.10288966447114944,0.0009240269963207814,3479.4840369591343,1633416.9527844226,-177.80174,7307.4546,118.20316,3195.2056,-17.57063,654.1079,30.760927,485.68985,-21.742554,433.27664,11.919263,266.40756,-20.734299,169.70602,3.1852882,133.70335,-8.580818,172.22575,-0.9328853,100.121,-11.772245,76.554756,-2.408764,78.802635,-9.348446,80.10772,-9.942636,47.53443,-3.9021835,60.020695,-5.574562,72.576744,-1.8393145,68.66613,-2.7893167,42.47052,-3.0478048,39.803387,-8.109732,46.282936,0.23832263,0.08360195,0.30023733,0.045947,0.61718655,0.14672934,0.23574118,0.027091708,0.12398709,0.018846786,0.24376832,0.07653759,0.27965158,0.06597776,0.4112927,0.11315267,0.24398582,0.055331197,0.2855334,0.07924659,0.28433675,0.08103719,0.36621904,0.09373134,112.34714673913044
61,blues,blues.00006.wav,"[ 0.1822815   0.28302002  0.21020508 ... -0.22045898 -0.36273193
 -0.4295349 ]",22050,0.07317669023600534,0.0217442016287112,1465.5167237710375,132065.61018923228,0.14087499305605888,0.0017838117401509565,2804.004018930288,511283.2301439845,-190.0688,9653.348,130.27023,1933.7039,-36.362114,1307.0305,33.036213,480.1931,11.093892,1082.9681,-0.59188193,280.1115,-20.890266,151.68338,0.27844226,102.85332,-6.496385,131.09853,-5.5127354,153.40236,-7.847404,87.5064,-3.1243007,64.21006,-6.6028214,79.14686,-9.949999,63.038445,-6.5426893,86.344986,-10.072228,83.25454,-10.918623,56.9505,-6.9652433,38.267097,-3.4394317,48.163647,-6.484499,70.213455,0.42551336,0.13377604,0.22324328,0.06114327,0.13134763,0.035159744,0.15259737,0.047761377,0.24195808,0.04701489,0.4911694,0.14840159,0.24550846,0.05963341,0.16911277,0.03747183,0.28835577,0.08771961,0.46184453,0.12478093,0.3592757,0.110884756,0.30718613,0.07322713,123.046875
62,blues,blues.00000.wav,"[ 0.00732422  0.01660156  0.00762939 ... -0.05560303 -0.06106567
 -0.06417847]",22050,0.08315264585719913,0.010770225989245166,1785.368683078164,12333.93977024575,0.12944385930895805,8.09520116517254e-05,3806.1675743689907,96495.15526966543,-113.59882,2569.3696,121.57067,295.8471,-19.162262,235.58446,42.36394,151.03873,-6.362266,167.99289,18.621931,89.172424,-13.699734,67.60309,15.339802,69.001495,-12.274305,82.21983,10.970944,63.346542,-8.326061,61.76499,8.802088,51.28075,-3.6699412,41.2159,5.744675,40.517525,-5.162783,49.784233,0.7517065,52.424538,-1.687854,36.535862,-0.4087299,41.603172,-2.3026767,55.053654,1.222467,46.94135,0.36224285,0.10695026,0.367817,0.08176981,0.43983436,0.09995375,0.24469176,0.044646896,0.24786198,0.06566808,0.3356164,0.083522774,0.36461875,0.07684794,0.43568373,0.11980225,0.29598564,0.06438383,0.3150803,0.0787414,0.40700835,0.11086457,0.3851007,0.08566732,123.046875
63,blues,blues.00003.wav,"[-0.01300049 -0.03060913 -0.03607178 ...  0.0098877   0.01107788
  0.0118103 ]",22050,0.033359338528928986,0.004712784386415029,1073.696338625965,17631.310883485006,0.14019058868288994,7.126570775286611e-05,2193.280968299279,146968.17536077026,-199.57513,5508.2666,150.0861,456.3091,5.663404,257.10977,26.855282,158.36113,1.7700715,267.97375,14.232647,126.80741,-4.8278456,155.94673,9.286853,81.2703,-0.75612015,92.3018,8.134435,71.381836,-3.200026,110.26935,6.078081,48.214516,-2.478445,56.776222,-1.0815871,62.243008,-2.874454,51.609814,0.7739939,44.432903,-3.3240688,50.218452,0.6363106,37.325726,-0.6159676,37.257774,-3.405046,31.965256,0.34137163,0.06263444,0.40862364,0.056245096,0.52431905,0.10638914,0.54701287,0.092091426,0.65707505,0.11902862,0.5115236,0.092040285,0.35555357,0.053664338,0.25161317,0.03975406,0.24627055,0.046257213,0.31511128,0.086285695,0.31657925,0.07895538,0.38319886,0.113742545,172.265625
64,blues,blues.00007.wav,"[ 0.01290894  0.00811768 -0.00445557 ... -0.05819702  0.04946899
  0.16204834]",22050,0.06154333493268273,0.018713443511527948,1455.3767056420577,141634.54835696713,0.13102860674262046,0.0009009741672982237,2962.430419921875,536764.1519578056,-179.3723,6573.504,136.44833,1479.0457,-26.662588,591.20874,39.96545,353.4062,5.3108945,650.0897,10.919133,136.28796,-20.559534,163.69316,8.503361,151.2844,-11.349764,171.91978,-3.470555,178.22742,-8.415843,147.56088,-6.957211,83.71853,-3.5460427,93.265305,-8.051759,57.42386,-8.964918,82.25948,-8.427482,70.46944,-10.5642805,52.018356,-10.785659,60.507187,-4.6954694,65.581085,-8.631641,56.38694,0.25935704,0.062464725,0.26412147,0.0892781,0.3253581,0.09386615,0.21773893,0.07137223,0.2152773,0.06534606,0.29576185,0.08408145,0.19005173,0.045994606,0.1807494,0.057419874,0.26434094,0.078670815,0.39047348,0.07275321,0.6486375,0.12303476,0.4365911,0.07709392,92.28515625
65,blues,blues.00004.wav,"[-0.00631714 -0.00927734 -0.0083313  ...  0.04135132  0.05197144
  0.05496216]",22050,0.1015799834435375,0.020606614609499613,1835.5327442109694,79385.71645604123,0.09099126905202866,0.00018248014258084532,3579.770789513221,388880.5198992162,-160.35417,5199.104,126.20948,853.2713,-35.581394,334.0323,22.139256,193.75323,-32.47355,336.42545,10.850702,134.86505,-23.35007,93.29354,0.49324903,124.733536,-11.796538,129.97536,1.2035191,99.71713,-13.084959,80.24316,-2.8104992,86.43649,-6.9344707,89.54832,-7.5538754,70.91569,-9.167669,75.75421,-4.515863,85.99519,-5.451786,75.27674,-0.9159524,53.633236,-4.4080176,62.882484,-11.704385,55.19025,0.1926048,0.038136035,0.31726655,0.103559606,0.39202207,0.09741653,0.25582698,0.07536281,0.19266349,0.03210751,0.530221,0.13133423,0.25377938,0.043003824,0.13912144,0.03136428,0.27642432,0.09205752,0.32432652,0.054561164,0.5551238,0.12661976,0.2729307,0.047706522,135.99917763157896
66,blues,blues.00009.wav,"[ 0.04647827  0.06399536  0.04327393 ... -0.04052734 -0.03955078
 -0.03741455]",22050,0.07925876812043144,0.012567096986800277,1817.0900327485615,60869.63800698467,0.0808422863483429,0.0009397350748788919,3945.313476562499,370236.6270391251,-213.26424,6132.973,115.16476,798.2638,-11.69817,669.08453,39.015358,350.93393,-20.34833,531.9976,13.082702,278.2447,-9.182699,126.45182,9.017152,67.96417,-14.104312,110.095604,4.2712545,92.602684,-6.0507803,84.859375,3.7858355,104.41365,0.22263548,76.34564,-5.106882,85.426315,-0.41015333,103.98576,-1.1793449,59.323406,-1.9147079,58.461437,-2.2936609,83.12304,2.8842604,77.04225,-4.2338796,91.44655,0.24824716,0.08754747,0.27315456,0.08573228,0.4885124,0.15300879,0.26800498,0.05911879,0.17971846,0.04448157,0.26772526,0.10779226,0.22258571,0.047405418,0.41535112,0.14531057,0.27268866,0.0700815,0.18117546,0.0471448,0.22990079,0.09413932,0.24054769,0.076015934,129.19921875
67,blues,blues.00002.wav,"[ 0.01901245  0.04769897  0.02941895 ...  0.01318359 -0.0663147
 -0.12484741]",22050,0.07640288504161626,0.008273435571856275,1554.4428908603506,13605.159777143374,0.17450113743543624,0.00020531071706877182,3046.5507061298076,65357.86937558298,-90.757164,3317.8867,140.44087,508.85617,-29.084547,412.06442,31.686693,143.95421,-13.976547,155.66135,25.753752,74.39171,-13.66499,106.84103,11.634442,106.52025,-11.778322,65.48224,9.714756,67.84235,-13.125314,57.671955,5.791247,64.49476,-8.901966,60.390575,-1.08016,57.690224,-9.226244,36.51437,2.4483044,40.641678,-7.724839,47.629646,-1.819024,52.393604,-3.4404573,46.643394,-2.2381275,30.653149,0.27290025,0.04471613,0.19595265,0.0327309,0.31516543,0.073728785,0.40798616,0.07359393,0.5468201,0.122630455,0.32169873,0.05557937,0.30465698,0.058482356,0.2884035,0.06320127,0.33415225,0.061145034,0.4018187,0.11096462,0.3843895,0.06325212,0.58850825,0.12460926,161.4990234375
68,blues,blues.00008.wav,[0.01138306 0.02175903 0.0100708  ... 0.12051392 0.16903687 0.1708374 ],22050,0.0641151566933185,0.004669289791106168,1719.3422598661436,2535.1007317234125,0.14154306501150132,7.961204345270588e-05,3781.6611328125,11698.87331103997,-121.38979,2619.6743,122.49833,414.53748,-14.734729,341.22403,46.12214,193.91731,-8.179258,177.07608,20.172466,106.94691,-19.171894,57.659283,23.036839,77.15471,-11.832729,42.568737,21.154655,58.851704,-6.7227974,48.91849,6.989505,56.535206,-12.730551,61.94805,5.0585384,50.54712,-5.1858063,33.026352,-1.4536041,50.57818,-7.042629,28.908445,2.694213,36.896122,3.4095314,33.6716,-2.7137442,36.34232,0.3196752,0.05289206,0.30448705,0.05379413,0.36661544,0.0835593,0.42213294,0.07555419,0.52381116,0.123187035,0.45111907,0.08998871,0.49344274,0.107459255,0.3527528,0.06599786,0.38013843,0.0701336,0.4617059,0.09437348,0.3663595,0.06874423,0.4647148,0.097662605,83.35433467741936
69,blues,blues.00001.wav,"[ 0.00341797  0.00430298  0.00137329 ... -0.11953735 -0.17495728
 -0.15118408]",22050,0.05611570014009718,0.012320892757129071,1530.893998211818,31799.055690477577,0.09538513273000718,6.483340327964937e-05,3551.570575420673,316691.9733526439,-207.52383,7769.1045,123.98514,559.91345,8.947019,572.3363,35.86715,264.7167,2.9095948,279.97604,21.519474,156.36682,-8.556513,200.80203,23.370676,142.56712,-10.103608,166.11464,11.899242,104.357254,-5.558824,105.156364,5.3778763,96.20453,-2.234492,64.87308,4.220704,73.15042,-6.0106864,52.42946,0.92929417,55.337963,-0.728403,60.231407,0.29687235,48.133213,-0.28243044,51.106014,0.53064436,45.788696,0.46004024,0.14257704,0.35018244,0.088213064,0.32080683,0.09506487,0.21147159,0.052331936,0.20078844,0.043679167,0.33079422,0.09667877,0.39737874,0.07982033,0.560355,0.13455163,0.38417926,0.08719861,0.2553258,0.054375567,0.28477612,0.077855945,0.3340937,0.072454564,107.666015625
70,country,country.00002.wav,"[-0.04248047 -0.10879517  0.07177734 ...  0.01757812  0.05621338
  0.08587646]",22050,0.07428025325528612,0.014482113120384358,2306.0908103246024,46579.40652493401,0.14583950042724608,4.621696013646038e-05,5184.102214784113,310519.6444916635,-120.305214,1696.3448,79.22588,444.88867,5.2293863,351.96072,34.548218,192.24956,16.506737,99.239716,13.129608,83.53854,6.3450885,66.07957,9.962077,54.71924,-2.0015073,91.342575,6.8100667,61.590168,-6.352069,50.306374,0.22815084,53.236042,-6.812809,64.25228,1.6181564,50.18911,-1.7821593,42.56472,-0.69933623,37.17576,-4.7783937,35.88546,-0.28887254,40.232872,-5.356374,43.760387,-1.9686298,61.244877,0.26329675,0.08810953,0.33077008,0.11769097,0.25216144,0.07387993,0.25247994,0.07203607,0.360212,0.13376068,0.26171848,0.08001665,0.22777973,0.077433996,0.22168617,0.053602308,0.3736512,0.09968075,0.4660133,0.15644,0.29311904,0.066728204,0.26204762,0.08961972,161.4990234375
71,country,country.00006.wav,"[-0.24227905 -0.2866211  -0.29736328 ... -0.11743164 -0.13381958
 -0.16912842]",22050,0.1285017942583732,0.015730446487130782,2806.792279066276,35607.9659433425,0.2130560651421547,0.00013947488085693793,6023.239634273616,234765.76394989254,-23.201923,597.0186,71.15687,429.53244,1.5760127,273.26944,24.438925,135.96997,16.31995,155.5411,4.5767665,127.61432,-3.8856642,78.91532,17.993046,66.22615,-3.3505049,70.13369,2.435541,58.010128,2.9157152,48.358986,0.81521153,44.45813,-1.1092839,58.271446,0.10907396,58.19163,-3.3491633,42.406094,0.18941298,34.821148,-1.2112297,42.835335,-1.5178907,36.564686,-2.7241652,40.632072,-2.1066608,40.671265,0.3872218,0.07866874,0.3239737,0.04663703,0.4794762,0.08828683,0.41007265,0.080840215,0.45540768,0.052278608,0.64173454,0.089344636,0.42213127,0.044690754,0.4380605,0.09528218,0.2958624,0.03961431,0.38344565,0.07168848,0.48703796,0.12682255,0.3348094,0.04826087,112.34714673913044
72,country,country.00001.wav,"[ 0.29504395  0.23028564 -0.04922485 ... -0.31478882 -0.06835938
  0.13323975]",22050,0.12720926015473888,0.0047208172373608675,2936.1266856448756,7664.734955320418,0.22915504723787308,2.4718972168644722e-05,6277.235144981971,73649.79720251133,-7.9727893,361.27576,62.724636,93.098694,-1.45917,148.22601,28.109985,60.72435,9.967061,73.58803,9.363964,106.559166,5.415904,49.533836,9.82543,53.29037,3.0275455,60.748207,8.420949,54.824585,0.3107131,48.29495,6.540354,38.090374,0.73737174,31.028292,-1.7740418,48.31755,0.8462877,47.612488,2.981266,37.18483,-2.765956,46.079834,2.8227568,48.754833,-1.7402849,44.375328,0.9725166,48.05613,0.31558183,0.036188208,0.41513744,0.06823488,0.31909877,0.038429193,0.44664738,0.09281637,0.41662502,0.092982575,0.45482275,0.05613816,0.6393338,0.09657373,0.421263,0.06077277,0.38003972,0.085434034,0.2614918,0.035832442,0.38873166,0.06682945,0.5098789,0.11488683,129.19921875
73,country,country.00009.wav,"[-0.00958252  0.00186157  0.21276855 ...  0.2775879   0.1550293
  0.17849731]",22050,0.15712045831448818,0.011083409314802988,3189.1493228065447,42825.9901184485,0.23527476489543914,7.539496678065307e-05,6922.817138671875,363639.0537030675,12.145776,190.46698,58.997505,143.86584,0.93959534,182.33902,26.743252,118.16399,9.245794,75.586006,3.5632026,86.135315,1.5272027,69.45501,8.654258,50.997356,1.00294,61.680645,11.647983,45.167633,-2.1983073,44.565075,1.1939831,39.795216,0.48530075,39.245087,4.412521,39.026836,-0.1838413,47.26259,3.0693944,42.95837,-1.1723117,34.326633,4.571084,28.169556,0.8877279,36.202812,1.2992412,35.687954,0.34357986,0.06776739,0.32982484,0.03981888,0.49209043,0.07385428,0.2811872,0.02757888,0.35516927,0.060144544,0.43174508,0.07854662,0.48092815,0.055200078,0.753515,0.086638585,0.46447617,0.048248205,0.45571843,0.06384493,0.39459983,0.07263948,0.37248135,0.04925688,123.046875
74,country,country.00004.wav,"[-0.01025391  0.0994873   0.26113892 ... -0.04290771 -0.12988281
 -0.0798645 ]",22050,0.12431957648954588,0.014150061470096238,2962.763334368635,5363.150359458292,0.20820127725601195,4.7635500872003074e-05,6345.288348858174,76902.85152180812,-20.78135,381.67404,62.950428,156.56825,2.3044403,161.45715,30.773718,93.19162,6.973462,62.151752,6.5058117,115.175896,6.3236365,69.03254,9.873086,72.26443,3.435297,52.18911,9.372202,55.307903,-0.404158,52.405174,7.5194154,41.743782,-0.9842739,43.46244,4.0191503,36.692593,-0.6624488,33.740776,-0.06125197,39.290096,-0.16676459,43.14302,0.24374022,48.175983,-5.4381933,33.76489,1.8272818,44.11991,0.31379938,0.04179661,0.23277384,0.03917407,0.21850555,0.036204293,0.36114874,0.056169935,0.5383796,0.12122082,0.35542595,0.051545393,0.3782779,0.07661646,0.32234073,0.04962086,0.44787928,0.09774057,0.37981826,0.083173215,0.4103556,0.06345083,0.6344666,0.11353671,117.45383522727273
75,country,country.00000.wav,"[-0.13415527 -0.19485474 -0.04257202 ...  0.2260437   0.15042114
  0.04238892]",22050,0.10736770691994572,0.021754134928550557,2795.3543953686567,11672.46622075858,0.2470764011144638,7.025642574150834e-05,6218.374962439904,144609.05391858885,-23.104954,1016.55884,70.25588,339.24182,3.8055308,235.70625,28.323957,135.39638,13.754286,111.020065,5.728135,107.309105,3.9737794,85.775215,7.4728084,63.285915,2.6279068,61.15856,8.490234,72.165344,-2.3202078,73.24599,2.0890799,41.875076,-3.3720124,62.59061,5.1379585,50.66885,-0.18774131,51.865627,0.37143624,68.59458,0.6120878,54.308315,4.0621276,74.34822,0.90791935,68.54761,4.093193,73.6028,0.2809078,0.041488137,0.42642567,0.08519768,0.3355582,0.06887358,0.3660879,0.059633475,0.36974525,0.08829524,0.3916055,0.055220187,0.58974,0.11913901,0.39428928,0.07112137,0.46357313,0.10670466,0.3292992,0.06292786,0.3145764,0.061905857,0.34534785,0.080278724,161.4990234375
76,country,country.00008.wav,"[ 0.09716797 -0.0826416  -0.18780518 ...  0.01223755  0.10797119
  0.19284058]",22050,0.1047172085455148,0.00978462537078889,2504.5583748213635,46939.56873546904,0.2730739563703537,0.00012209389691197892,5476.2496807391835,247390.2175768101,-19.763226,523.7534,76.64637,368.1747,-4.826523,157.98383,32.238724,153.24011,7.710495,120.16584,17.18376,125.502,-1.4951016,60.709724,9.149327,55.119293,2.7572665,94.48714,9.145537,81.9683,-2.65431,62.87186,7.5196233,84.95624,0.38755083,58.546352,4.968522,76.02588,2.840625,79.34677,1.9047852,75.72898,2.4618192,76.75814,6.3932567,112.831215,-3.3538883,72.66155,6.306531,73.44452,0.35568413,0.06091198,0.36208785,0.10048256,0.26729855,0.044069584,0.32272112,0.06284554,0.48402673,0.13359295,0.38064703,0.07925895,0.38942763,0.09011611,0.2803484,0.038721412,0.39095148,0.104160465,0.29855514,0.072435826,0.26630712,0.047575213,0.465997,0.10402962,129.19921875
77,country,country.00005.wav,"[-0.4046631  -0.31704712 -0.26437378 ...  0.127594    0.03237915
 -0.01107788]",22050,0.13657358807474282,0.010127223048648151,2925.161511967809,13774.11028121318,0.20261830389499663,3.0357646003889018e-05,6176.281533277671,76507.60547324824,-24.671667,755.39777,62.440266,253.16588,-7.7540884,231.95815,28.432592,132.58534,10.997147,80.7288,5.551389,86.35897,-0.08674423,68.400826,13.7450905,68.44494,2.8998163,66.66487,9.909151,94.95348,0.85377365,69.39527,5.952078,57.690887,-1.2259915,61.34719,3.0639083,60.87887,0.9304635,45.492336,2.0537753,59.386806,3.0044217,46.024536,2.9725466,50.619156,-0.18527688,59.317524,3.6413603,68.1418,0.44006658,0.08775842,0.41111323,0.071200475,0.49564955,0.104733855,0.36644202,0.06141872,0.44267505,0.09508586,0.351655,0.06356533,0.403609,0.07647961,0.522922,0.10963869,0.37062046,0.05991309,0.41117132,0.0989677,0.33256075,0.050927036,0.444168,0.079999015,129.19921875
78,country,country.00007.wav,"[ 0.1643982   0.04977417  0.08407593 ... -0.11746216 -0.24118042
 -0.17047119]",22050,0.1131266071698684,0.01564451876882291,2896.2526331628424,48278.93149425604,0.24267490059137345,0.00010597642355240969,6396.620192307692,162647.39641623953,-20.81746,803.59515,64.90752,336.99374,6.7671013,193.94772,26.357126,114.97885,11.665422,95.302284,13.185629,66.47627,-1.9791067,87.221886,8.582197,57.270992,0.4728952,53.58169,7.441096,59.180748,-0.4149094,55.20676,6.945586,45.887997,3.6606066,41.3293,2.0337164,49.27304,0.6502082,38.372334,4.3827734,44.913235,-2.802764,45.405586,2.975754,46.18668,-1.840282,61.598812,-2.3632526,62.53076,0.47495064,0.077365115,0.42914683,0.09847002,0.38608164,0.07973832,0.520297,0.09286239,0.36138865,0.069730446,0.38551614,0.08370715,0.31289977,0.047615666,0.42753583,0.06673542,0.5793956,0.115207896,0.3989007,0.05560592,0.43052408,0.08409242,0.35075378,0.05508753,103.359375
79,country,country.00003.wav,"[-0.10095215 -0.09753418 -0.09039307 ... -0.03274536 -0.10858154
 -0.18585205]",22050,0.10268974563440122,0.015920284638748738,2171.9256761600614,47581.347770540946,0.20314075499773027,0.00011118848585338848,4342.799842247597,171437.9575365409,-57.75979,1337.1654,95.76648,823.8119,-10.109319,414.27032,40.979637,193.22063,13.979035,133.6319,-0.9898583,171.42763,-0.18847147,107.00303,7.4250784,100.905014,-3.633337,103.60408,9.545139,80.601944,-2.9410644,74.62041,2.4362514,80.11866,1.9947803,53.28825,-1.2870497,85.47223,1.3565394,51.677837,4.4236846,61.05912,-6.5204806,63.73051,-0.034598526,47.372086,-1.4115794,41.114124,-3.0789087,51.75587,0.30632704,0.06055251,0.3565917,0.05781509,0.6214756,0.1334554,0.34400606,0.041516654,0.330147,0.06995288,0.2327682,0.038870312,0.36993122,0.07574672,0.5071028,0.113622345,0.3788372,0.057107285,0.47026667,0.10552918,0.27344307,0.04241883,0.33295572,0.08127821,161.4990234375
80,disco,disco.00007.wav,"[-0.15805054 -0.14486694 -0.06796265 ... -0.1689148  -0.1357727
 -0.07852173]",22050,0.14050131338820165,0.01482614637728866,3095.437773643899,13638.453301626741,0.15862850546836854,9.500151860985183e-05,6091.643780048076,34121.08822325839,-53.432594,1761.1355,56.165604,780.1305,-6.337501,326.66147,31.602524,318.09604,4.648096,131.5939,16.339651,105.71889,4.108209,86.47982,1.8778182,88.79143,-0.38534987,57.92631,2.4980185,48.748676,-0.54528886,58.84359,0.96003777,49.27262,0.49098662,41.558548,-0.17423527,41.959435,-1.8158447,43.265545,-2.527268,48.4445,0.82284206,56.21375,-0.33732015,49.814556,0.5601941,62.46478,2.7661417,64.36508,0.43320757,0.087276,0.48304316,0.09617217,0.3572281,0.062766045,0.34059542,0.059472486,0.44472712,0.090599634,0.41409263,0.07603179,0.41809464,0.089683376,0.3551178,0.056267705,0.4727927,0.0672933,0.5631661,0.10456155,0.4195213,0.05920424,0.47741115,0.10024737,129.19921875
81,disco,disco.00004.wav,"[ 0.00262451  0.01730347 -0.01803589 ... -0.14556885 -0.1444397
 -0.03250122]",22050,0.1692415333197926,0.020080681616359914,3326.589333505571,64011.673422349326,0.11380279287695885,0.00021732897717380347,7193.315579927885,205814.82609633007,-83.55509,2144.5957,64.49134,405.74182,5.6444163,383.59506,2.70193,191.07556,0.78633976,167.37979,6.165176,92.540085,1.8841151,75.52765,1.9749736,65.20627,-1.8108131,78.26842,1.8658113,69.187706,2.4624798,67.694595,-0.22272582,44.802414,2.9572232,45.83983,-3.381376,42.327614,-0.8703699,44.982254,0.04218948,43.097042,-1.5689081,56.432632,0.5630036,48.377647,0.30448663,57.798058,-2.779204,47.75044,0.296424,0.046236034,0.34806708,0.07565748,0.2833247,0.061101694,0.3724991,0.06844311,0.42997527,0.10181214,0.32130238,0.068022236,0.41713303,0.11640078,0.3201564,0.06300509,0.45373172,0.10881403,0.41620374,0.11369155,0.38951576,0.067566,0.5371542,0.116359115,123.046875
82,disco,disco.00008.wav,[0.02011108 0.02133179 0.0241394  ... 0.32821655 0.18182373 0.07104492],22050,0.16450245090668508,0.00850048167971485,2800.863935605833,13917.059326450733,0.18976397663354874,0.0001366107338329958,5443.643442007212,77136.63619640452,-32.569878,1611.0778,65.03629,414.3218,-26.761168,382.73618,30.300564,215.40616,5.697337,163.54126,11.660782,124.30754,-2.227687,137.81651,10.4217825,80.802124,-2.373412,95.78255,5.365474,74.63126,-3.8786147,98.23392,-0.86318004,58.50045,-0.2106437,67.58529,3.4743693,55.41417,-3.0502956,60.37976,0.3586279,75.14051,-0.93389267,64.9433,1.1889794,66.16892,0.026238304,76.6177,2.9308531,82.42347,0.4207031,0.087554954,0.49952254,0.09759615,0.3979948,0.06762713,0.44637778,0.09340944,0.38258365,0.06748536,0.5157535,0.08977727,0.4917932,0.092153914,0.41706282,0.07547638,0.57719076,0.098210834,0.45680454,0.07780734,0.45252123,0.083117306,0.3931781,0.0744745,123.046875
83,disco,disco.00005.wav,"[ 0.32540894  0.35195923  0.26452637 ... -0.19857788 -0.20074463
 -0.15875244]",22050,0.1448152473350102,0.01928161835520736,2721.5740075152285,16740.27903285198,0.2058420106768608,9.04950778965685e-05,5469.219905474713,46068.050373269514,-24.816133,1547.3871,73.69842,575.5105,-11.7444935,297.64508,28.304634,209.91534,6.291743,124.06493,2.1907132,109.363785,8.419229,107.82646,12.195893,74.31274,-4.0575852,67.54986,13.498219,53.90612,1.8683927,40.21971,-0.925946,57.104282,0.5338901,36.219994,2.4650354,45.155117,-3.8139136,38.149487,-0.92006284,42.417015,-0.995954,67.10714,-3.4695203,78.10393,-0.9604261,66.49503,0.007632762,90.52893,0.4608182,0.10144186,0.3729085,0.07131179,0.45280814,0.093155,0.3860667,0.05589585,0.4969333,0.09117665,0.40072593,0.072726,0.37628847,0.049793575,0.55245745,0.091272086,0.48512557,0.06594873,0.5380487,0.103353515,0.39453915,0.056809537,0.45968568,0.085183345,107.666015625
84,disco,disco.00003.wav,"[-0.336792   -0.18792725 -0.21746826 ... -0.1513977  -0.13018799
 -0.11328125]",22050,0.14970215823031102,0.019722940600395356,3041.3984876748345,14073.266402356492,0.19522641003131866,6.518699319109978e-05,6198.759896081823,62131.770487469985,-44.433094,3158.4749,52.32051,716.8036,3.242855,649.3525,43.939304,190.60368,12.584174,126.95909,24.506044,141.73065,4.923503,55.482357,15.30651,48.883457,2.041092,37.46787,10.386366,54.01135,-1.4623228,41.26778,8.834608,33.16358,0.4166824,36.372593,4.6652493,36.435905,-1.834696,33.860577,2.9817386,35.361984,-2.0356004,32.209896,-3.349819,43.769905,-4.1517015,47.2712,-0.35668173,53.50405,0.6607909,0.08971838,0.45809615,0.059846707,0.35554028,0.05413299,0.39239988,0.07420989,0.40725023,0.04445601,0.43124294,0.06669434,0.35200676,0.03994734,0.48512018,0.06519262,0.48392797,0.05304426,0.61469495,0.08191678,0.69520754,0.082489796,0.60572886,0.05394221,129.19921875
85,disco,disco.00002.wav,[0.09420776 0.09906006 0.0581665  ... 0.05667114 0.04855347 0.10333252],22050,0.1535795872120732,0.011227966026413013,3587.684346489709,23012.734053323875,0.16038944721221923,7.682803391407587e-05,8070.760479266828,51707.53261893591,-53.1693,1363.221,57.173725,265.43597,21.160826,239.4388,11.3052635,263.1516,18.118341,124.25772,1.6628116,95.579445,0.34510264,79.41211,2.3239794,50.682495,-5.1052694,85.49949,2.747911,53.005234,3.1522434,58.110653,-5.5144777,51.55604,-3.1615028,49.269436,-0.5241285,32.72778,-2.6467953,36.851017,-1.988998,25.176271,-1.2340914,26.994482,-3.3621638,35.83488,-3.7318506,61.150375,-1.4488603,51.816772,0.31980315,0.064601615,0.31203216,0.050388504,0.37158796,0.08400623,0.37147188,0.066513255,0.5163387,0.10229144,0.50701725,0.08037792,0.57351184,0.09933601,0.43117473,0.0914636,0.36462137,0.057053857,0.44412747,0.1011347,0.33521265,0.055521715,0.3970207,0.082700245,112.34714673913044
86,disco,disco.00001.wav,"[-0.18777466 -0.23693848 -0.15542603 ...  0.03741455  0.10574341
  0.09619141]",22050,0.1888315119490813,0.016499918474363384,3289.081741750083,31624.90160514177,0.17597568929195403,7.20244742929399e-05,6515.585639312977,106970.67631252248,-29.0431,1143.0615,51.860497,524.64246,-7.5676084,378.86328,21.507437,181.31511,8.141378,79.602135,18.118086,93.58491,6.8945746,76.31493,6.569047,53.502342,0.7113645,47.764553,11.159764,60.68455,-1.816327,41.905853,1.6355901,45.748592,-2.5911899,42.603184,-1.3763999,42.883904,-3.614617,44.11499,0.2174406,61.269238,-0.39202854,93.40186,2.632409,84.183464,-3.3654647,68.514626,-0.08974962,82.249374,0.39817706,0.093528055,0.3206944,0.06638493,0.36278656,0.086651325,0.45692766,0.08294899,0.5894337,0.115593195,0.41277862,0.07782486,0.35375082,0.06728328,0.38463858,0.081583366,0.429819,0.07159867,0.46828473,0.09753709,0.32534432,0.05039491,0.4241641,0.08911177,117.45383522727273
87,disco,disco.00000.wav,"[-0.23202515 -0.23168945 -0.1979065  ... -0.17419434 -0.14257812
 -0.10617065]",22050,0.09666807190821765,0.04194682035158077,2296.650617547476,137711.79883252835,0.141392070800066,0.00020293959584517796,4885.428278996394,289760.697472732,-111.09919,4400.1016,94.025856,1431.7689,12.438059,562.4228,16.629438,201.3781,8.1260395,156.20563,15.663839,144.57642,-1.4103327,113.244194,7.014441,81.95488,0.959783,57.71307,-1.4994508,55.553577,-3.0789328,77.77039,-5.0989857,71.4388,-3.715649,52.89179,0.2136302,57.933,-2.111481,52.709015,-1.8266252,39.548965,-5.3254986,32.494358,1.2326591,41.852474,-5.604142,41.629414,-3.6123145,30.871487,0.31772602,0.049006805,0.39294806,0.074643016,0.50920933,0.09170558,0.43429136,0.0647822,0.49327222,0.12542458,0.48024276,0.089309596,0.57519823,0.097563565,0.4785637,0.07752286,0.42939878,0.07839331,0.41263062,0.10714129,0.367924,0.06752978,0.45552915,0.07862303,117.45383522727273
88,disco,disco.00009.wav,"[ 0.07189941  0.0133667  -0.0065918  ... -0.05377197 -0.08712769
 -0.07946777]",22050,0.1709263700485985,0.024054341863658964,3014.860446200306,31210.72936423329,0.11832813546061516,0.0001382816613388821,5953.052771935096,47635.11821765302,-68.92688,4135.0103,63.117622,621.59814,-15.855327,537.392,28.002327,155.77652,8.173503,152.01813,7.323385,73.46176,-4.9316792,63.15136,9.490028,40.301838,-0.974049,50.51398,-1.5963366,56.963146,-6.184394,55.248833,-3.9365966,49.92217,-1.1669565,46.992847,-6.5405774,39.59626,-6.1709123,43.397892,-5.039419,30.141045,-4.40163,42.480442,-5.379509,40.419285,-1.6691306,42.934242,-0.8976509,46.878258,0.5565849,0.09834737,0.4800019,0.060113814,0.5722887,0.10336361,0.49309745,0.07706301,0.3801826,0.04613599,0.53433686,0.093252026,0.38702035,0.050511032,0.3859248,0.06844427,0.28994474,0.043924857,0.30312386,0.05182778,0.4446344,0.08088766,0.47897375,0.07340897,129.19921875
89,disco,disco.00006.wav,"[-0.19967651 -0.10507202 -0.08612061 ... -0.10510254 -0.27670288
 -0.21386719]",22050,0.16390035616676488,0.01130988273040985,2847.0307319301146,24991.076064178436,0.19084353297948836,0.00019125946722904573,5505.667349008413,117965.03668090474,-14.574817,955.9485,65.19933,292.40375,-19.888515,338.13287,31.502684,227.98553,-4.8146987,139.45723,11.865561,84.122955,9.996404,123.52359,5.960234,68.62095,-3.8007708,61.875633,9.38057,72.25582,-4.387615,62.336746,3.3392262,62.512535,-4.4454346,48.178932,-1.2698745,35.135254,-0.8342526,41.675995,-2.1974072,35.423,-4.739514,38.406403,-2.620455,45.36106,-7.4701676,52.608868,0.23054619,43.67747,0.4509706,0.062738635,0.48139736,0.086722225,0.39704558,0.0581233,0.5354031,0.07763694,0.48675805,0.086392544,0.33895254,0.046971045,0.42672065,0.069012254,0.52598065,0.06402157,0.65576535,0.08930542,0.41836998,0.06175194,0.4541507,0.061863404,0.5169851,0.09385727,123.046875
90,reggae,reggae.00004.wav,"[ 0.0401001   0.05599976  0.03945923 ... -0.34518433 -0.35598755
 -0.32644653]",22050,0.08456259425645654,0.011739795255622076,2009.6109723418158,46653.31098607906,0.10043837949633598,4.396549446140042e-05,4301.398118239182,270292.666580889,-175.5785,7051.503,104.87788,876.08844,-15.688772,558.7933,27.520798,376.06543,-8.110774,243.81808,24.028858,199.14296,-10.312879,256.59134,18.851534,186.9689,-8.380903,184.31381,11.850701,159.15877,-7.579116,134.79442,12.561645,126.18303,-6.039826,95.383354,2.4973562,116.026024,1.9000845,84.76291,7.1328044,84.16399,-3.3741224,86.91707,12.438281,93.45705,-3.3470025,70.87393,0.7457136,89.50696,0.35418242,0.066079244,0.4864404,0.11596456,0.33248565,0.082843326,0.2907431,0.062803395,0.41026846,0.0918887,0.36812073,0.08046316,0.4158314,0.10332962,0.3791531,0.07999416,0.48774472,0.096004665,0.5609498,0.12143844,0.39088565,0.07522145,0.34547764,0.07568842,123.046875
91,reggae,reggae.00005.wav,"[ 0.23120117  0.25952148  0.07669067 ... -0.03945923 -0.04550171
 -0.04431152]",22050,0.07309664952310505,0.011226385169397205,1797.3015671342673,12055.932685457761,0.09974642470479012,0.00013217601035774576,3792.5271183894233,38811.5623698023,-176.76518,5407.8813,116.84069,809.37054,-21.308065,534.28625,38.76341,244.72385,-5.4505615,356.6385,26.620836,184.82956,-8.181732,186.90927,15.778048,104.74967,-10.484447,111.6411,11.044603,118.23441,-10.051371,83.68485,9.914849,84.6469,-3.2497032,87.25308,2.8190188,75.6906,-2.532647,77.35389,-1.4109265,86.80758,-9.884334,88.64436,3.0734854,96.53249,-0.28175423,90.3162,1.9898896,81.662315,0.46734732,0.12336565,0.37569103,0.08036232,0.40673408,0.08574448,0.48783603,0.116142884,0.38605466,0.09025097,0.34389335,0.1032277,0.35323784,0.081121646,0.48692426,0.1300229,0.2578464,0.045623474,0.2097586,0.042854447,0.28245488,0.07213118,0.32029834,0.06750983,151.99908088235293
92,reggae,reggae.00000.wav,"[ 0.01037598  0.00775146  0.03887939 ... -0.06652832 -0.05062866
 -0.03564453]",22050,0.09795648544288452,0.008729140795982082,2134.2332263575477,14640.600554421237,0.09354705065488815,0.0003148284189433936,4804.463435246394,185221.57952933936,-159.48033,3297.5415,104.85739,381.79636,-10.333498,492.37402,34.647846,282.18423,-4.978135,159.68233,26.803732,129.08444,-21.9402,135.85059,23.42468,106.25822,-14.025368,87.72035,19.575533,105.40109,-8.296037,98.288956,9.729553,113.26534,-10.074867,96.3049,1.423285,61.86972,-6.48828,77.61212,1.0727452,67.187515,-9.200651,89.060265,3.2854662,75.36072,-0.7637776,86.51129,3.756271,104.19731,0.25260174,0.047480237,0.44541147,0.12722383,0.32408017,0.078877926,0.24811673,0.06408958,0.41257972,0.124633946,0.37163144,0.081799895,0.42031556,0.13568833,0.27175814,0.05401916,0.3011969,0.07145772,0.38434145,0.11447098,0.26606017,0.055519406,0.25042713,0.06726221,123.046875
93,reggae,reggae.00008.wav,"[ 0.03631592  0.05316162  0.04891968 ...  0.01974487 -0.01361084
 -0.04690552]",22050,0.06951250384231203,0.012947703686862497,1693.1983452545228,57426.16030694757,0.10140955969691276,3.850511587821848e-05,3660.810171274038,329694.0821568218,-194.54175,5911.6167,118.60043,1139.0159,-6.408212,591.5775,40.801094,504.7873,-3.2935107,322.65338,25.461584,151.92676,-9.303606,234.99919,11.395714,163.50095,-6.1569276,201.23029,15.344735,127.612015,-5.162594,105.48654,5.759956,83.38262,-6.2791595,104.73458,5.880149,106.264725,-2.795967,130.42659,2.5813425,75.68967,-4.752368,80.38703,4.5279517,88.880356,-3.1901839,86.5453,-0.32305092,103.32139,0.35975212,0.0964409,0.41665047,0.096076205,0.5451907,0.13777849,0.4196825,0.107010715,0.28403747,0.05459118,0.29334685,0.0712787,0.33251348,0.06415968,0.42953065,0.12879658,0.29040015,0.06422719,0.35495663,0.08704917,0.3805962,0.10156879,0.31940922,0.069406636,95.703125
94,reggae,reggae.00006.wav,"[-0.01864624 -0.03515625 -0.0078125  ... -0.02041626 -0.02474976
 -0.02780151]",22050,0.06091480395264699,0.019023118000132025,1422.2971097752197,95102.8656440566,0.10442246198654175,0.00021345441323870285,2891.8677696814907,512703.4743742706,-207.39706,5176.455,134.70505,1106.8351,-9.09317,724.676,38.44704,426.86514,6.3035917,398.00024,22.595772,184.76605,-8.299389,313.55524,16.295506,151.78954,-8.471838,121.45771,4.140335,140.50357,-4.3538995,110.90538,6.340493,92.32365,-6.9138722,87.77867,0.952962,63.202625,-0.94856054,67.40393,-2.531504,65.26544,-6.0917125,65.90374,2.4853048,65.2189,-6.1715736,73.29872,-4.5784636,42.24613,0.33860192,0.061499067,0.50462025,0.134918,0.4318197,0.11246774,0.32442462,0.07160051,0.3744335,0.11125529,0.25325787,0.04776425,0.26838568,0.087715395,0.22458448,0.04398671,0.3566976,0.0970221,0.413219,0.119408965,0.2887692,0.059190094,0.3311938,0.086526655,151.99908088235293
95,reggae,reggae.00001.wav,"[-0.05355835 -0.09381104 -0.09585571 ...  0.03118896  0.02908325
  0.025177  ]",22050,0.06407583725073566,0.009647487045143425,1641.0691898527737,6118.479988454045,0.08153377026319504,0.0001355989901797217,3578.4539513221157,50418.12271175443,-190.9372,2945.5588,127.41596,779.32056,-3.7882676,430.58688,26.704466,129.61641,-12.820788,125.718285,23.924116,77.6759,-8.222865,94.715004,9.962504,114.06807,-12.229613,79.93239,13.450587,79.07952,-7.066006,76.47876,1.6455318,63.793648,-14.52819,56.84579,-3.2282116,72.5533,-10.449793,58.65828,-3.4982026,48.89436,-9.746695,51.99649,-3.9085407,60.18839,-7.650833,62.767475,-3.547193,55.4459,0.3913295,0.08104652,0.50626975,0.11214473,0.2515375,0.037768193,0.18557592,0.03735209,0.22227536,0.031199664,0.44627023,0.09854015,0.3926357,0.113718666,0.3991012,0.06276154,0.579671,0.12137805,0.30956212,0.058886003,0.27302846,0.091720656,0.23152357,0.04523884,151.99908088235293
96,reggae,reggae.00003.wav,"[-0.01983643 -0.0574646  -0.09024048 ...  0.09188843  0.10098267
  0.09979248]",22050,0.08498880883857156,0.01137536028700537,1924.287329639367,4141.710787958212,0.09351778477430343,5.366665915632841e-05,4150.48349233774,22505.018966982723,-201.19154,5462.2646,104.146736,1126.7139,-15.439406,764.55084,30.81282,314.42865,14.260963,299.36008,31.42331,218.1308,-7.8610983,225.18483,17.96708,189.50209,-4.053848,114.95264,16.94223,100.26161,-11.208057,103.9853,12.122964,94.129,-5.282073,92.4259,-0.6841481,110.851074,-1.3796266,79.23744,3.9347281,78.745346,-5.8556094,67.495804,1.044637,67.74258,-2.9770885,77.71589,-1.3649515,95.67026,0.31111136,0.054539755,0.46482265,0.10678462,0.42111525,0.09732323,0.36252296,0.086547874,0.5140892,0.10954829,0.4248709,0.093296275,0.38027576,0.09896089,0.27617556,0.054199874,0.3403273,0.06934745,0.47948587,0.14178059,0.36652896,0.075446755,0.35595685,0.080418326,151.99908088235293
97,reggae,reggae.00009.wav,"[-0.05484009 -0.08825684 -0.08078003 ...  0.17056274  0.1845398
  0.15350342]",22050,0.06064726412833214,0.004830683469072421,1613.6861634680467,7372.813463669764,0.08614262863993645,1.613113806768152e-05,3274.9186072716343,58045.88101971924,-232.50473,6410.705,131.2295,1339.363,2.6469774,611.5006,18.397951,301.72064,11.315558,308.45535,22.92844,255.34752,-10.467937,269.9701,16.771238,163.38512,-15.256651,171.93372,15.530609,136.18744,-8.389645,133.06056,8.022548,99.297066,-3.7816064,98.30136,3.1112487,84.96429,-1.4063514,69.00332,3.2672164,70.73723,-4.095124,68.917885,2.9421625,52.70118,0.3971407,61.504257,0.019509017,63.05079,0.5174865,0.11678065,0.44544378,0.11213992,0.35620302,0.08803568,0.4176108,0.10654058,0.3041127,0.055636838,0.2790264,0.0697969,0.23929925,0.043787822,0.3854239,0.10455458,0.48208088,0.12684567,0.40864834,0.11120146,0.38554317,0.09972086,0.37594005,0.06351309,161.4990234375
98,reggae,reggae.00002.wav,"[-0.05203247 -0.08825684 -0.09857178 ...  0.009552    0.01470947
  0.01763916]",22050,0.07521214842184559,0.007196715266955519,1799.0623155363348,8960.8300258263,0.09188674688339234,8.21213447839386e-05,3941.2470139723555,50825.565056514795,-189.09105,6337.2407,110.86749,719.1155,2.9827712,633.046,48.36251,321.31967,-6.4262414,191.84036,20.728699,243.54343,-12.56162,168.76567,15.884039,141.31914,-13.630971,130.79314,9.418686,126.580376,-8.044496,87.73091,8.090904,89.35045,-10.641822,102.13657,-2.554902,108.58254,-4.712567,61.918907,-1.0281271,60.078407,-3.2127206,88.09081,2.689878,92.95932,-3.9885128,56.775253,2.8629758,72.10471,0.3842359,0.07522349,0.3753725,0.08928712,0.44561923,0.10328868,0.34887338,0.06327385,0.4440782,0.12668495,0.3977612,0.08497562,0.47149163,0.109678954,0.36443385,0.0739747,0.24920328,0.05441358,0.23226468,0.056814283,0.30479977,0.05332104,0.5225845,0.1326713,103.359375
99,reggae,reggae.00007.wav,"[-0.01327515 -0.02557373 -0.02227783 ... -0.03793335 -0.03274536
 -0.02944946]",22050,0.07397019224638704,0.009409744714224967,1756.822724717736,30267.35373578943,0.09003106504678726,1.0157658678766611e-05,3769.2629770132216,203634.50044827524,-192.26941,5022.4883,116.49569,665.0962,-10.950728,725.3599,29.891136,417.0599,-0.659651,344.15002,21.443464,143.51093,-11.864701,403.38797,18.651209,156.03326,-13.07924,159.27043,14.4656515,146.52695,-7.3812265,139.09924,4.820051,107.79521,-2.8101099,115.01604,3.1210797,85.869865,-1.6220748,72.89175,-2.3946943,96.71192,-6.5232215,88.36654,-1.415304,58.146065,-5.5381627,70.28274,-2.5421898,85.98145,0.41249353,0.108499475,0.35866404,0.05695412,0.47051194,0.10191797,0.41307122,0.1100305,0.35306802,0.07918091,0.47795433,0.11149568,0.34712198,0.065916486,0.3032471,0.08445534,0.28591293,0.06567376,0.3495768,0.06949636,0.48064512,0.11805496,0.37986735,0.0807762,151.99908088235293
